date,US 10yr bond,UK 10yr bond
2000-01-03,6.592,5.224
2000-01-04,6.497,5.662
2000-01-05,6.594,5.754
2000-01-06,6.524,5.763
2000-01-07,6.515,5.707
2000-01-10,6.552,5.63
2000-01-11,6.657,5.715
2000-01-12,6.703,5.757
2000-01-13,6.63,5.663
2000-01-14,6.679,5.71
2000-01-17,6.681,5.77
2000-01-18,6.748,5.867
2000-01-19,6.732,5.801
2000-01-20,6.788,5.844
2000-01-21,6.765,5.8
2000-01-24,6.685,5.774
2000-01-25,6.692,5.706
2000-01-26,6.664,5.705
2000-01-27,6.692,5.815
2000-01-28,6.658,5.84
2000-01-31,6.665,5.738
2000-02-01,6.619,5.591
2000-02-02,6.573,5.608
2000-02-03,6.489,5.552
2000-02-04,6.549,5.642
2000-02-07,6.639,5.658
2000-02-08,6.613,5.616
2000-02-09,6.66,5.653
2000-02-10,6.671,5.692
2000-02-11,6.604,5.648
2000-02-14,6.554,5.578
2000-02-15,6.552,5.592
2000-02-16,6.545,5.696
2000-02-17,6.567,5.654
2000-02-18,6.489,5.607
2000-02-21,6.493,5.526
2000-02-22,6.361,5.431
2000-02-23,6.423,5.451
2000-02-24,6.365,5.351
2000-02-25,6.327,5.343
2000-02-28,6.422,5.363
2000-02-29,6.409,5.45
2000-03-01,6.386,5.422
2000-03-02,6.384,5.446
2000-03-03,6.388,5.369
2000-03-06,6.411,5.312
2000-03-07,6.373,5.284
2000-03-08,6.379,5.294
2000-03-09,6.343,5.249
2000-03-10,6.383,5.292
2000-03-13,6.37,5.281
2000-03-14,6.292,5.309
2000-03-15,6.291,5.289
2000-03-16,6.245,5.171
2000-03-17,6.194,5.122
2000-03-20,6.183,5.161
2000-03-21,6.135,5.182
2000-03-22,6.112,5.268
2000-03-23,6.078,5.212
2000-03-24,6.191,5.237
2000-03-27,6.185,5.369
2000-03-28,6.151,5.329
2000-03-29,6.147,5.328
2000-03-30,6.055,5.256
2000-03-31,6.004,5.239
2000-04-03,5.965,5.199
2000-04-04,5.895,5.233
2000-04-05,5.872,5.151
2000-04-06,5.934,5.23
2000-04-07,5.853,5.169
2000-04-10,5.771,5.204
2000-04-11,5.882,5.175
2000-04-12,5.935,5.198
2000-04-13,5.906,5.24
2000-04-14,5.85,5.259
2000-04-17,6.038,5.284
2000-04-18,6.059,5.272
2000-04-19,5.992,5.285
2000-04-20,5.994,5.293
2000-04-21,5.988,5.294
2000-04-24,6.017,5.294
2000-04-25,6.128,5.341
2000-04-26,6.13,5.299
2000-04-27,6.223,5.266
2000-04-28,6.212,5.21
2000-05-01,6.278,5.21
2000-05-02,6.299,5.238
2000-05-03,6.401,5.245
2000-05-04,6.427,5.354
2000-05-05,6.505,5.396
2000-05-08,6.56,5.35
2000-05-09,6.529,5.303
2000-05-10,6.42,5.299
2000-05-11,6.409,5.41
2000-05-12,6.512,5.407
2000-05-15,6.446,5.348
2000-05-16,6.424,5.312
2000-05-17,6.496,5.423
2000-05-18,6.54,5.477
2000-05-19,6.494,5.496
2000-05-22,6.439,5.414
2000-05-23,6.435,5.442
2000-05-24,6.47,5.396
2000-05-25,6.394,5.312
2000-05-26,6.331,5.226
2000-05-29,6.331,5.225
2000-05-30,6.376,5.247
2000-05-31,6.272,5.175
2000-06-01,6.191,5.129
2000-06-02,6.152,5.039
2000-06-05,6.122,5.07
2000-06-06,6.122,5.111
2000-06-07,6.141,5.113
2000-06-08,6.124,5.162
2000-06-09,6.126,5.118
2000-06-12,6.071,5.108
2000-06-13,6.116,5.098
2000-06-14,6.041,5.128
2000-06-15,6.05,5.164
2000-06-16,5.971,5.056
2000-06-19,5.999,5.078
2000-06-20,6.02,5.127
2000-06-21,6.113,5.233
2000-06-22,6.104,5.22
2000-06-23,6.185,5.266
2000-06-26,6.102,5.234
2000-06-27,6.085,5.238
2000-06-28,6.1,5.223
2000-06-29,6.027,5.167
2000-06-30,6.031,5.171
2000-07-03,5.989,5.205
2000-07-05,5.985,5.127
2000-07-06,6.048,5.191
2000-07-07,6.001,5.117
2000-07-10,6.035,5.177
2000-07-11,6.048,5.152
2000-07-12,6.08,5.146
2000-07-13,6.005,5.159
2000-07-14,6.096,5.247
2000-07-17,6.148,5.261
2000-07-18,6.141,5.243
2000-07-19,6.154,5.209
2000-07-20,6.002,5.194
2000-07-21,5.998,5.146
2000-07-24,6.034,5.155
2000-07-25,6.028,5.143
2000-07-26,6.027,5.126
2000-07-27,6,5.135
2000-07-28,6.034,5.223
2000-07-31,6.031,5.222
2000-08-01,5.984,5.194
2000-08-02,5.976,5.218
2000-08-03,5.952,5.211
2000-08-04,5.901,5.244
2000-08-07,5.956,5.22
2000-08-08,5.918,5.213
2000-08-09,5.916,5.217
2000-08-10,5.763,5.229
2000-08-11,5.79,5.181
2000-08-14,5.771,5.239
2000-08-15,5.802,5.282
2000-08-16,5.838,5.283
2000-08-17,5.81,5.297
2000-08-18,5.773,5.277
2000-08-21,5.781,5.323
2000-08-22,5.775,5.322
2000-08-23,5.727,5.292
2000-08-24,5.719,5.252
2000-08-25,5.729,5.266
2000-08-28,5.777,5.265
2000-08-29,5.808,5.322
2000-08-30,5.8,5.331
2000-08-31,5.725,5.337
2000-09-01,5.679,5.24
2000-09-04,5.683,5.244
2000-09-05,5.689,5.275
2000-09-06,5.724,5.284
2000-09-07,5.752,5.263
2000-09-08,5.739,5.325
2000-09-11,5.766,5.331
2000-09-12,5.772,5.399
2000-09-13,5.724,5.4
2000-09-14,5.785,5.338
2000-09-15,5.84,5.376
2000-09-18,5.871,5.385
2000-09-19,5.852,5.357
2000-09-20,5.897,5.358
2000-09-21,5.823,5.327
2000-09-22,5.848,5.281
2000-09-25,5.837,5.339
2000-09-26,5.802,5.33
2000-09-27,5.821,5.317
2000-09-28,5.812,5.301
2000-09-29,5.802,5.195
2000-10-02,5.823,5.197
2000-10-03,5.867,5.203
2000-10-04,5.886,5.213
2000-10-05,5.852,5.218
2000-10-06,5.812,5.201
2000-10-09,5.823,5.118
2000-10-10,5.772,5.125
2000-10-11,5.774,5.097
2000-10-12,5.709,5.075
2000-10-13,5.724,5.091
2000-10-16,5.732,5.095
2000-10-17,5.673,5.113
2000-10-18,5.667,5.095
2000-10-19,5.655,5.118
2000-10-20,5.632,5.121
2000-10-23,5.584,5.134
2000-10-24,5.615,5.139
2000-10-25,5.684,5.147
2000-10-26,5.69,5.152
2000-10-27,5.713,5.193
2000-10-30,5.732,5.177
2000-10-31,5.751,5.161
2000-11-01,5.742,5.163
2000-11-02,5.738,5.149
2000-11-03,5.827,5.14
2000-11-06,5.855,5.145
2000-11-07,5.866,5.168
2000-11-08,5.855,5.171
2000-11-09,5.825,5.155
2000-11-10,5.783,5.132
2000-11-13,5.766,5.096
2000-11-14,5.753,5.114
2000-11-15,5.731,5.101
2000-11-16,5.669,5.07
2000-11-17,5.704,5.084
2000-11-20,5.677,5.089
2000-11-21,5.652,5.067
2000-11-22,5.624,4.972
2000-11-23,5.612,4.93
2000-11-24,5.624,4.939
2000-11-27,5.624,4.898
2000-11-28,5.582,4.889
2000-11-29,5.524,4.913
2000-11-30,5.468,4.881
2000-12-01,5.503,4.87
2000-12-04,5.551,4.85
2000-12-05,5.416,4.859
2000-12-06,5.326,4.849
2000-12-07,5.309,4.863
2000-12-08,5.299,4.913
2000-12-11,5.362,4.912
2000-12-12,5.346,4.941
2000-12-13,5.258,4.896
2000-12-14,5.213,4.928
2000-12-15,5.18,4.894
2000-12-18,5.17,4.894
2000-12-19,5.188,4.932
2000-12-20,5.037,4.918
2000-12-21,5.025,4.945
2000-12-22,5.006,4.931
2000-12-25,5.008,4.931
2000-12-26,5.036,4.931
2000-12-27,5.104,4.9
2000-12-28,5.118,4.907
2000-12-29,5.112,4.881
2001-01-01,5.114,4.881
2001-01-02,4.916,4.785
2001-01-03,5.158,4.728
2001-01-04,5.039,4.787
2001-01-05,4.931,4.796
2001-01-08,4.956,4.803
2001-01-09,5,4.863
2001-01-10,5.104,4.85
2001-01-11,5.11,4.847
2001-01-12,5.25,4.926
2001-01-15,5.242,
2001-01-16,5.23,4.947
2001-01-17,5.175,4.95
2001-01-18,5.114,4.93
2001-01-19,5.168,4.932
2001-01-22,5.225,4.974
2001-01-23,5.281,4.967
2001-01-24,5.305,4.96
2001-01-25,5.245,4.949
2001-01-26,5.268,4.898
2001-01-29,5.303,4.901
2001-01-30,5.229,4.901
2001-01-31,5.114,4.836
2001-02-01,5.086,4.848
2001-02-02,5.148,4.854
2001-02-05,5.167,4.848
2001-02-06,5.183,4.845
2001-02-07,5.187,4.814
2001-02-08,5.089,4.87
2001-02-09,5.03,4.839
2001-02-12,5.046,4.848
2001-02-13,5.07,4.85
2001-02-14,5.164,4.917
2001-02-15,5.166,4.954
2001-02-16,5.109,4.947
2001-02-19,5.097,4.939
2001-02-20,5.105,4.943
2001-02-21,5.139,4.961
2001-02-22,5.156,4.985
2001-02-23,5.097,4.978
2001-02-26,5.034,4.977
2001-02-27,4.952,4.904
2001-02-28,4.896,4.798
2001-03-01,4.874,4.739
2001-03-02,4.947,4.739
2001-03-05,4.976,4.761
2001-03-06,4.971,4.757
2001-03-07,4.899,4.771
2001-03-08,4.889,4.756
2001-03-09,4.929,4.765
2001-03-12,4.891,4.758
2001-03-13,4.929,4.765
2001-03-14,4.818,4.677
2001-03-15,4.786,4.632
2001-03-16,4.77,4.562
2001-03-19,4.813,4.556
2001-03-20,4.758,4.595
2001-03-21,4.778,4.604
2001-03-22,4.756,4.539
2001-03-23,4.815,4.59
2001-03-26,4.869,4.631
2001-03-27,5.011,4.686
2001-03-28,4.975,4.692
2001-03-29,4.997,4.756
2001-03-30,4.917,4.784
2001-04-02,4.977,4.794
2001-04-03,4.929,4.766
2001-04-04,4.914,4.811
2001-04-05,4.973,4.814
2001-04-06,4.89,4.75
2001-04-09,4.932,4.754
2001-04-10,5.083,4.79
2001-04-11,5.119,4.884
2001-04-12,5.169,4.945
2001-04-13,5.163,4.947
2001-04-16,5.254,4.947
2001-04-17,5.225,4.975
2001-04-18,5.146,5.054
2001-04-19,5.294,5.088
2001-04-20,5.288,5.066
2001-04-23,5.177,5.018
2001-04-24,5.209,5.019
2001-04-25,5.256,5.047
2001-04-26,5.192,4.997
2001-04-27,5.328,5.058
2001-04-30,5.338,5.118
2001-05-01,5.292,5.092
2001-05-02,5.288,5.057
2001-05-03,5.205,5.033
2001-05-04,5.205,4.995
2001-05-07,5.197,4.995
2001-05-08,5.245,4.987
2001-05-09,5.174,4.957
2001-05-10,5.295,4.985
2001-05-11,5.447,5.037
2001-05-14,5.441,5.1
2001-05-15,5.512,5.101
2001-05-16,5.445,5.026
2001-05-17,5.407,5.038
2001-05-18,5.405,5.116
2001-05-21,5.374,5.127
2001-05-22,5.41,5.132
2001-05-23,5.401,5.18
2001-05-24,5.491,5.2
2001-05-25,5.511,5.242
2001-05-28,5.494,5.239
2001-05-29,5.515,5.212
2001-05-30,5.509,5.214
2001-05-31,5.381,5.226
2001-06-01,5.364,5.138
2001-06-04,5.341,5.148
2001-06-05,5.269,5.088
2001-06-06,5.255,5.093
2001-06-07,5.324,5.136
2001-06-08,5.356,5.161
2001-06-11,5.284,5.131
2001-06-12,5.253,5.224
2001-06-13,5.263,5.242
2001-06-14,5.221,5.176
2001-06-15,5.232,5.165
2001-06-18,5.251,5.162
2001-06-19,5.236,5.177
2001-06-20,5.205,5.192
2001-06-21,5.172,5.224
2001-06-22,5.115,5.148
2001-06-25,5.13,5.119
2001-06-26,5.224,5.162
2001-06-27,5.235,5.152
2001-06-28,5.335,5.239
2001-06-29,5.412,5.289
2001-07-02,5.322,5.302
2001-07-03,5.38,5.313
2001-07-04,5.378,5.294
2001-07-05,5.391,5.289
2001-07-06,5.359,5.162
2001-07-09,5.327,5.204
2001-07-10,5.274,5.179
2001-07-11,5.289,5.094
2001-07-12,5.234,5.122
2001-07-13,5.217,5.154
2001-07-16,5.173,5.134
2001-07-17,5.204,5.133
2001-07-18,5.091,5.105
2001-07-19,5.106,5.131
2001-07-20,5.129,5.071
2001-07-23,5.104,5.067
2001-07-24,5.11,5.068
2001-07-25,5.182,5.084
2001-07-26,5.129,5.075
2001-07-27,5.098,5.046
2001-07-30,5.066,5.031
2001-07-31,5.054,5.01
2001-08-01,5.071,5.045
2001-08-02,5.151,5.085
2001-08-03,5.157,5.053
2001-08-06,5.153,5.016
2001-08-07,5.168,4.998
2001-08-08,5.05,4.939
2001-08-09,5.034,4.873
2001-08-10,4.98,4.837
2001-08-13,4.976,4.836
2001-08-14,4.966,4.896
2001-08-15,5,4.939
2001-08-16,4.94,4.903
2001-08-17,4.839,4.829
2001-08-20,4.902,4.855
2001-08-21,4.864,4.871
2001-08-22,4.894,4.897
2001-08-23,4.88,4.887
2001-08-24,4.922,4.919
2001-08-27,4.924,4.923
2001-08-28,4.836,4.835
2001-08-29,4.771,4.84
2001-08-30,4.812,4.815
2001-08-31,4.832,4.866
2001-09-03,4.826,4.864
2001-09-04,4.959,5.016
2001-09-05,4.967,5.038
2001-09-06,4.873,4.996
2001-09-07,4.79,4.921
2001-09-10,4.835,4.926
2001-09-11,4.727,4.877
2001-09-13,4.623,4.906
2001-09-14,4.553,4.825
2001-09-17,4.623,4.863
2001-09-18,4.707,4.887
2001-09-19,4.691,4.915
2001-09-20,4.742,4.934
2001-09-21,4.691,4.925
2001-09-24,4.716,4.96
2001-09-25,4.7,4.949
2001-09-26,4.628,4.902
2001-09-27,4.548,4.883
2001-09-28,4.588,4.907
2001-10-01,4.54,4.918
2001-10-02,4.501,4.871
2001-10-03,4.468,4.798
2001-10-04,4.506,4.797
2001-10-05,4.504,4.792
2001-10-08,4.506,4.748
2001-10-09,4.593,4.815
2001-10-10,4.597,4.815
2001-10-11,4.666,4.873
2001-10-12,4.669,4.859
2001-10-15,4.599,4.799
2001-10-16,4.559,4.795
2001-10-17,4.567,4.811
2001-10-18,4.577,4.805
2001-10-19,4.621,4.794
2001-10-22,4.633,4.786
2001-10-23,4.643,4.803
2001-10-24,4.596,4.737
2001-10-25,4.551,4.683
2001-10-26,4.529,4.693
2001-10-29,4.48,4.639
2001-10-30,4.41,4.563
2001-10-31,4.232,4.533
2001-11-01,4.24,4.451
2001-11-02,4.358,4.502
2001-11-05,4.296,4.436
2001-11-06,4.256,4.431
2001-11-07,4.178,4.392
2001-11-08,4.286,4.414
2001-11-09,4.303,4.394
2001-11-12,4.303,4.384
2001-11-13,4.378,4.498
2001-11-14,4.539,4.572
2001-11-15,4.762,4.67
2001-11-16,4.843,4.679
2001-11-19,4.798,4.663
2001-11-20,4.863,4.658
2001-11-21,5.013,4.72
2001-11-22,4.966,4.722
2001-11-23,4.987,4.704
2001-11-26,5.015,4.673
2001-11-27,4.919,4.777
2001-11-28,4.925,4.717
2001-11-29,4.756,4.688
2001-11-30,4.752,4.655
2001-12-03,4.687,4.626
2001-12-04,4.66,4.621
2001-12-05,4.893,4.762
2001-12-06,5.013,4.849
2001-12-07,5.167,4.974
2001-12-10,5.098,4.943
2001-12-11,5.051,4.905
2001-12-12,5.005,4.793
2001-12-13,5.073,4.808
2001-12-14,5.188,4.813
2001-12-17,5.186,4.874
2001-12-18,5.121,4.867
2001-12-19,5.047,4.826
2001-12-20,5.03,4.844
2001-12-21,5.084,4.891
2001-12-24,5.136,4.847
2001-12-25,5.136,4.849
2001-12-26,5.199,4.849
2001-12-27,5.065,4.992
2001-12-28,5.113,5.031
2001-12-31,5.051,5.054
2002-01-01,5.032,5.055
2002-01-02,5.16,4.994
2002-01-03,5.111,4.952
2002-01-04,5.128,4.993
2002-01-07,5.049,4.915
2002-01-08,5.08,4.916
2002-01-09,5.051,4.967
2002-01-10,4.979,4.916
2002-01-11,4.866,4.903
2002-01-14,4.876,4.849
2002-01-15,4.835,4.854
2002-01-16,4.839,4.816
2002-01-17,4.925,4.83
2002-01-18,4.894,4.858
2002-01-21,4.892,4.814
2002-01-22,4.919,4.857
2002-01-23,5.029,4.836
2002-01-24,5.008,4.92
2002-01-25,5.071,5.013
2002-01-28,5.073,5.013
2002-01-29,4.942,4.983
2002-01-30,5.014,4.934
2002-01-31,5.033,4.887
2002-02-01,4.985,4.869
2002-02-04,4.902,4.824
2002-02-05,4.894,4.792
2002-02-06,4.923,4.824
2002-02-07,4.939,4.958
2002-02-08,4.879,4.945
2002-02-11,4.907,4.952
2002-02-12,4.975,5.032
2002-02-13,4.987,5.033
2002-02-14,4.945,4.998
2002-02-15,4.875,4.924
2002-02-18,4.863,4.921
2002-02-19,4.873,4.942
2002-02-20,4.889,4.962
2002-02-21,4.853,4.985
2002-02-22,4.831,4.936
2002-02-25,4.849,4.957
2002-02-26,4.927,4.993
2002-02-27,4.833,4.987
2002-02-28,4.877,4.994
2002-03-01,4.981,5.046
2002-03-04,4.999,5.053
2002-03-05,5.001,5.116
2002-03-06,5.052,5.162
2002-03-07,5.227,5.224
2002-03-08,5.325,5.215
2002-03-11,5.323,5.188
2002-03-12,5.31,5.192
2002-03-13,5.279,5.222
2002-03-14,5.409,5.261
2002-03-15,5.327,5.251
2002-03-18,5.3,5.234
2002-03-19,5.286,5.243
2002-03-20,5.406,5.273
2002-03-21,5.365,5.3
2002-03-22,5.404,5.309
2002-03-25,5.408,5.329
2002-03-26,5.343,5.298
2002-03-27,5.341,5.232
2002-03-28,5.4,5.294
2002-03-29,5.396,5.293
2002-04-01,5.425,5.295
2002-04-02,5.341,5.292
2002-04-03,5.278,5.232
2002-04-04,5.258,5.179
2002-04-05,5.206,5.193
2002-04-08,5.262,5.207
2002-04-09,5.202,5.223
2002-04-10,5.233,5.24
2002-04-11,5.206,5.181
2002-04-12,5.156,5.181
2002-04-15,5.138,5.148
2002-04-16,5.192,5.226
2002-04-17,5.233,5.227
2002-04-18,5.198,5.259
2002-04-19,5.198,5.269
2002-04-22,5.178,5.226
2002-04-23,5.163,5.263
2002-04-24,5.113,5.232
2002-04-25,5.095,5.174
2002-04-26,5.056,5.139
2002-04-29,5.122,5.194
2002-04-30,5.087,5.189
2002-05-01,5.06,5.153
2002-05-02,5.095,5.221
2002-05-03,5.056,5.169
2002-05-06,5.066,5.167
2002-05-07,5.056,5.158
2002-05-08,5.218,5.207
2002-05-09,5.164,5.246
2002-05-10,5.118,5.26
2002-05-13,5.223,5.268
2002-05-14,5.278,5.308
2002-05-15,5.246,5.307
2002-05-16,5.169,5.299
2002-05-17,5.253,5.338
2002-05-20,5.2,5.265
2002-05-21,5.15,5.259
2002-05-22,5.115,5.249
2002-05-23,5.15,5.246
2002-05-24,5.145,5.238
2002-05-27,5.138,5.298
2002-05-28,5.13,5.267
2002-05-29,5.063,5.25
2002-05-30,5.022,5.236
2002-05-31,5.045,5.253
2002-06-03,4.999,5.257
2002-06-04,5.028,5.257
2002-06-05,5.049,5.221
2002-06-06,4.977,5.215
2002-06-07,5.068,5.218
2002-06-10,5.028,5.198
2002-06-11,4.975,5.214
2002-06-12,4.964,5.197
2002-06-13,4.901,5.083
2002-06-14,4.799,5.015
2002-06-17,4.846,5.023
2002-06-18,4.835,4.999
2002-06-19,4.728,4.972
2002-06-20,4.791,5.011
2002-06-21,4.768,5.027
2002-06-24,4.829,4.959
2002-06-25,4.819,5.031
2002-06-26,4.744,4.946
2002-06-27,4.823,4.949
2002-06-28,4.799,5.006
2002-07-01,4.782,5.01
2002-07-02,4.727,4.998
2002-07-03,4.766,5.013
2002-07-04,4.764,5.038
2002-07-05,4.856,5.093
2002-07-08,4.796,5.104
2002-07-09,4.727,5.1
2002-07-10,4.614,5.041
2002-07-11,4.638,4.967
2002-07-12,4.574,4.934
2002-07-15,4.628,4.899
2002-07-16,4.682,4.905
2002-07-17,4.684,4.966
2002-07-18,4.608,4.948
2002-07-19,4.521,4.904
2002-07-22,4.446,4.878
2002-07-23,4.408,4.899
2002-07-24,4.487,4.819
2002-07-25,4.382,4.844
2002-07-26,4.384,4.845
2002-07-29,4.563,4.9
2002-07-30,4.587,4.892
2002-07-31,4.461,4.856
2002-08-01,4.391,4.798
2002-08-02,4.292,4.762
2002-08-05,4.21,4.666
2002-08-06,4.333,4.714
2002-08-07,4.306,4.639
2002-08-08,4.396,4.668
2002-08-09,4.257,4.642
2002-08-12,4.217,4.616
2002-08-13,4.087,4.599
2002-08-14,4.121,4.531
2002-08-15,4.182,4.659
2002-08-16,4.326,4.671
2002-08-19,4.286,4.676
2002-08-20,4.149,4.638
2002-08-21,4.201,4.703
2002-08-22,4.319,4.745
2002-08-23,4.235,4.707
2002-08-26,4.226,4.711
2002-08-27,4.283,4.699
2002-08-28,4.214,4.622
2002-08-29,4.139,4.599
2002-08-30,4.143,4.617
2002-09-02,4.135,4.553
2002-09-03,3.965,4.474
2002-09-04,3.963,4.468
2002-09-05,3.927,4.463
2002-09-06,4.013,4.445
2002-09-09,4.06,4.457
2002-09-10,3.996,4.516
2002-09-11,4.06,4.567
2002-09-12,3.962,4.51
2002-09-13,3.907,4.492
2002-09-16,3.914,4.43
2002-09-17,3.819,4.458
2002-09-18,3.843,4.414
2002-09-19,3.778,4.365
2002-09-20,3.787,4.418
2002-09-23,3.696,4.386
2002-09-24,3.646,4.37
2002-09-25,3.749,4.417
2002-09-26,3.766,4.44
2002-09-27,3.66,4.443
2002-09-30,3.596,4.371
2002-10-01,3.717,4.398
2002-10-02,3.669,4.456
2002-10-03,3.685,4.485
2002-10-04,3.666,4.499
2002-10-07,3.615,4.43
2002-10-08,3.635,4.424
2002-10-09,3.569,4.412
2002-10-10,3.658,4.491
2002-10-11,3.78,4.53
2002-10-14,3.787,4.553
2002-10-15,3.995,4.655
2002-10-16,4.05,4.686
2002-10-17,4.202,4.662
2002-10-18,4.107,4.673
2002-10-21,4.253,4.677
2002-10-22,4.26,4.735
2002-10-23,4.233,4.668
2002-10-24,4.117,4.702
2002-10-25,4.093,4.662
2002-10-28,4.087,4.623
2002-10-29,3.94,4.577
2002-10-30,3.963,4.601
2002-10-31,3.894,4.556
2002-11-01,4.006,4.599
2002-11-04,4.045,4.626
2002-11-05,4.072,4.679
2002-11-06,4.035,4.683
2002-11-07,3.894,4.6
2002-11-08,3.858,4.55
2002-11-11,3.841,4.51
2002-11-12,3.85,4.48
2002-11-13,3.841,4.5
2002-11-14,4.057,4.55
2002-11-15,4.031,4.55
2002-11-18,3.998,4.56
2002-11-19,3.979,4.54
2002-11-20,4.059,4.53
2002-11-21,4.154,4.62
2002-11-22,4.18,4.63
2002-11-25,4.176,4.64
2002-11-26,4.067,4.61
2002-11-27,4.26,4.68
2002-11-28,4.252,4.68
2002-11-29,4.207,4.68
2002-12-02,4.231,4.71
2002-12-03,4.203,4.68
2002-12-04,4.153,4.67
2002-12-05,4.139,4.618
2002-12-06,4.085,4.578
2002-12-09,4.036,4.555
2002-12-10,4.048,4.568
2002-12-11,4.025,4.557
2002-12-12,4.025,4.526
2002-12-13,4.069,4.519
2002-12-16,4.161,4.524
2002-12-17,4.126,4.541
2002-12-18,4.036,4.481
2002-12-19,3.94,4.469
2002-12-20,3.959,4.486
2002-12-23,3.973,4.476
2002-12-24,3.936,4.48
2002-12-25,3.934,4.49
2002-12-26,3.904,4.481
2002-12-27,3.81,4.401
2002-12-30,3.797,4.402
2002-12-31,3.816,4.374
2003-01-01,3.819,4.391
2003-01-02,4.032,4.455
2003-01-03,4.019,4.485
2003-01-06,4.054,4.481
2003-01-07,4.007,4.471
2003-01-08,4.019,4.424
2003-01-09,4.181,4.44
2003-01-10,4.134,4.43
2003-01-13,4.122,4.472
2003-01-14,4.079,4.465
2003-01-15,4.062,4.467
2003-01-16,4.079,4.454
2003-01-17,4.011,4.354
2003-01-20,4.017,4.337
2003-01-21,3.972,4.333
2003-01-22,3.916,4.333
2003-01-23,3.937,4.321
2003-01-24,3.93,4.233
2003-01-27,3.964,4.221
2003-01-28,3.97,4.24
2003-01-29,4.023,4.231
2003-01-30,3.963,4.287
2003-01-31,3.964,4.278
2003-02-03,3.994,4.304
2003-02-04,3.924,4.233
2003-02-05,3.997,4.242
2003-02-06,3.947,4.222
2003-02-07,3.931,4.205
2003-02-10,3.966,4.221
2003-02-11,3.959,4.202
2003-02-12,3.91,4.151
2003-02-13,3.879,4.139
2003-02-14,3.995,4.196
2003-02-17,3.964,4.206
2003-02-18,3.951,4.21
2003-02-19,3.884,4.159
2003-02-20,3.869,4.139
2003-02-21,3.89,4.184
2003-02-24,3.846,4.154
2003-02-25,3.822,4.147
2003-02-26,3.767,4.179
2003-02-27,3.739,4.233
2003-02-28,3.692,4.173
2003-03-03,3.675,4.109
2003-03-04,3.648,4.11
2003-03-05,3.63,4.114
2003-03-06,3.658,4.103
2003-03-07,3.643,4.058
2003-03-10,3.562,4.025
2003-03-11,3.583,4.032
2003-03-12,3.583,4.042
2003-03-13,3.747,4.197
2003-03-14,3.702,4.257
2003-03-17,3.84,4.396
2003-03-18,3.907,4.381
2003-03-19,3.986,4.497
2003-03-20,3.955,4.489
2003-03-21,4.105,4.555
2003-03-24,3.967,4.481
2003-03-25,3.944,4.46
2003-03-26,3.93,4.552
2003-03-27,3.925,4.5
2003-03-28,3.9,4.472
2003-03-31,3.798,4.288
2003-04-01,3.811,4.312
2003-04-02,3.93,4.386
2003-04-03,3.911,4.422
2003-04-04,3.954,4.437
2003-04-07,3.979,4.513
2003-04-08,3.934,4.473
2003-04-09,3.898,4.467
2003-04-10,3.944,4.407
2003-04-11,3.973,4.464
2003-04-14,4.016,4.486
2003-04-15,3.987,4.466
2003-04-16,3.94,4.432
2003-04-17,3.958,4.41
2003-04-18,3.958,4.416
2003-04-21,3.983,4.419
2003-04-22,3.966,4.391
2003-04-23,3.977,4.435
2003-04-24,3.921,4.365
2003-04-25,3.89,4.354
2003-04-28,3.903,4.359
2003-04-29,3.929,4.373
2003-04-30,3.838,4.35
2003-05-01,3.842,4.282
2003-05-02,3.925,4.351
2003-05-05,3.886,4.352
2003-05-06,3.786,4.349
2003-05-07,3.677,4.269
2003-05-08,3.683,4.239
2003-05-09,3.681,4.235
2003-05-12,3.644,4.217
2003-05-13,3.604,4.199
2003-05-14,3.522,4.212
2003-05-15,3.532,4.177
2003-05-16,3.42,4.133
2003-05-19,3.487,4.093
2003-05-20,3.356,4.066
2003-05-21,3.398,4.038
2003-05-22,3.316,4.03
2003-05-23,3.337,3.982
2003-05-26,3.334,3.982
2003-05-27,3.412,4.015
2003-05-28,3.425,4.11
2003-05-29,3.337,4.045
2003-05-30,3.372,4.066
2003-06-02,3.41,4.107
2003-06-03,3.331,4.009
2003-06-04,3.295,4.065
2003-06-05,3.344,3.998
2003-06-06,3.353,4.062
2003-06-09,3.278,3.951
2003-06-10,3.192,3.933
2003-06-11,3.212,3.903
2003-06-12,3.165,3.92
2003-06-13,3.114,3.858
2003-06-16,3.173,3.884
2003-06-17,3.262,3.949
2003-06-18,3.363,4.045
2003-06-19,3.339,4.06
2003-06-20,3.367,4.062
2003-06-23,3.313,4.046
2003-06-24,3.251,4.072
2003-06-25,3.405,4.035
2003-06-26,3.543,4.168
2003-06-27,3.543,4.211
2003-06-30,3.515,4.157
2003-07-01,3.549,4.145
2003-07-02,3.538,4.26
2003-07-03,3.663,4.316
2003-07-04,3.649,4.276
2003-07-07,3.733,4.302
2003-07-08,3.716,4.303
2003-07-09,3.682,4.301
2003-07-10,3.657,4.232
2003-07-11,3.628,4.218
2003-07-14,3.726,4.204
2003-07-15,3.983,4.3
2003-07-16,3.92,4.343
2003-07-17,3.922,4.386
2003-07-18,4.001,4.367
2003-07-21,4.212,4.414
2003-07-22,4.124,4.397
2003-07-23,4.11,4.357
2003-07-24,4.167,4.433
2003-07-25,4.177,4.358
2003-07-28,4.282,4.478
2003-07-29,4.44,4.412
2003-07-30,4.309,4.443
2003-07-31,4.408,4.523
2003-08-01,4.385,4.546
2003-08-04,4.285,4.506
2003-08-05,4.392,4.534
2003-08-06,4.269,4.47
2003-08-07,4.219,4.436
2003-08-08,4.271,4.354
2003-08-11,4.355,4.43
2003-08-12,4.428,4.443
2003-08-13,4.562,4.545
2003-08-14,4.491,4.602
2003-08-15,4.53,4.561
2003-08-18,4.459,4.552
2003-08-19,4.363,4.546
2003-08-20,4.438,4.574
2003-08-21,4.477,4.601
2003-08-22,4.475,4.593
2003-08-25,4.527,4.593
2003-08-26,4.475,4.598
2003-08-27,4.537,4.62
2003-08-28,4.416,4.583
2003-08-29,4.466,4.605
2003-09-01,4.46,4.614
2003-09-02,4.601,4.738
2003-09-03,4.595,4.765
2003-09-04,4.505,4.743
2003-09-05,4.349,4.693
2003-09-08,4.428,4.647
2003-09-09,4.357,4.706
2003-09-10,4.273,4.655
2003-09-11,4.316,4.674
2003-09-12,4.254,4.553
2003-09-15,4.269,4.58
2003-09-16,4.277,4.633
2003-09-17,4.18,4.655
2003-09-18,4.164,4.632
2003-09-19,4.162,4.615
2003-09-22,4.218,4.611
2003-09-23,4.207,4.596
2003-09-24,4.135,4.609
2003-09-25,4.083,4.593
2003-09-26,4.002,4.529
2003-09-29,4.077,4.557
2003-09-30,3.939,4.53
2003-10-01,3.934,4.534
2003-10-02,3.995,4.643
2003-10-03,4.201,4.736
2003-10-06,4.171,4.705
2003-10-07,4.259,4.733
2003-10-08,4.238,4.747
2003-10-09,4.293,4.798
2003-10-10,4.271,4.734
2003-10-13,4.253,4.817
2003-10-14,4.346,4.85
2003-10-15,4.399,4.911
2003-10-16,4.461,4.888
2003-10-17,4.39,4.905
2003-10-20,4.384,4.897
2003-10-21,4.344,4.866
2003-10-22,4.253,4.921
2003-10-23,4.318,4.948
2003-10-24,4.232,4.971
2003-10-27,4.261,5.019
2003-10-28,4.179,4.995
2003-10-29,4.297,5.042
2003-10-30,4.344,5.049
2003-10-31,4.295,5.005
2003-11-03,4.342,5.108
2003-11-04,4.297,5.048
2003-11-05,4.354,4.997
2003-11-06,4.41,5.068
2003-11-07,4.44,5.079
2003-11-10,4.448,5.057
2003-11-11,4.448,5.068
2003-11-12,4.4,5.043
2003-11-13,4.271,4.979
2003-11-14,4.219,4.965
2003-11-17,4.196,4.973
2003-11-18,4.144,4.958
2003-11-19,4.238,5.03
2003-11-20,4.154,5.029
2003-11-21,4.161,5.02
2003-11-24,4.23,5.089
2003-11-25,4.186,5.105
2003-11-26,4.248,5.017
2003-11-27,4.248,5.058
2003-11-28,4.334,5.076
2003-12-01,4.387,5.082
2003-12-02,4.381,5.093
2003-12-03,4.404,5.068
2003-12-04,4.367,5.05
2003-12-05,4.232,4.929
2003-12-08,4.269,4.971
2003-12-09,4.353,4.967
2003-12-10,4.318,4.924
2003-12-11,4.232,4.958
2003-12-12,4.24,4.859
2003-12-15,4.258,4.854
2003-12-16,4.215,4.785
2003-12-17,4.184,4.764
2003-12-18,4.128,4.766
2003-12-19,4.135,4.807
2003-12-22,4.17,4.791
2003-12-23,4.261,4.78
2003-12-24,4.185,4.782
2003-12-25,4.185,4.781
2003-12-26,4.152,4.781
2003-12-29,4.244,4.787
2003-12-30,4.259,4.832
2003-12-31,4.248,4.802
2004-01-01,4.247,4.814
2004-01-02,4.381,4.861
2004-01-05,4.379,4.886
2004-01-06,4.273,4.862
2004-01-07,4.244,4.836
2004-01-08,4.257,4.824
2004-01-09,4.082,4.703
2004-01-12,4.088,4.676
2004-01-13,4.013,4.679
2004-01-14,3.996,4.698
2004-01-15,3.971,4.718
2004-01-16,4.032,4.743
2004-01-19,4.032,4.742
2004-01-20,4.057,4.732
2004-01-21,4.02,4.774
2004-01-22,3.955,4.793
2004-01-23,4.074,4.764
2004-01-26,4.132,4.839
2004-01-27,4.076,4.809
2004-01-28,4.19,4.829
2004-01-29,4.175,4.928
2004-01-30,4.134,4.9
2004-02-02,4.147,4.901
2004-02-03,4.099,4.899
2004-02-04,4.114,4.866
2004-02-05,4.169,4.865
2004-02-06,4.079,4.831
2004-02-09,4.054,4.813
2004-02-10,4.114,4.797
2004-02-11,4.033,4.767
2004-02-12,4.046,4.774
2004-02-13,4.042,4.76
2004-02-16,4.042,4.77
2004-02-17,4.04,4.756
2004-02-18,4.05,4.797
2004-02-19,4.033,4.846
2004-02-20,4.098,4.844
2004-02-23,4.038,4.867
2004-02-24,4.025,4.796
2004-02-25,4.009,4.785
2004-02-26,4.036,4.799
2004-02-27,3.973,4.764
2004-03-01,3.975,4.793
2004-03-02,4.044,4.789
2004-03-03,4.052,4.876
2004-03-04,4.017,4.842
2004-03-05,3.851,4.735
2004-03-08,3.77,4.668
2004-03-09,3.723,4.637
2004-03-10,3.73,4.652
2004-03-11,3.7,4.646
2004-03-12,3.779,4.64
2004-03-15,3.764,4.627
2004-03-16,3.681,4.676
2004-03-17,3.713,4.669
2004-03-18,3.756,4.667
2004-03-19,3.773,4.686
2004-03-22,3.715,4.668
2004-03-23,3.692,4.671
2004-03-24,3.709,4.658
2004-03-25,3.739,4.66
2004-03-26,3.831,4.675
2004-03-29,3.89,4.784
2004-03-30,3.896,4.784
2004-03-31,3.837,4.751
2004-04-01,3.88,4.767
2004-04-02,4.145,4.887
2004-04-05,4.208,4.925
2004-04-06,4.149,4.913
2004-04-07,4.159,4.882
2004-04-08,4.193,4.884
2004-04-09,4.193,4.882
2004-04-12,4.23,4.881
2004-04-13,4.354,4.971
2004-04-14,4.366,4.988
2004-04-15,4.402,4.961
2004-04-16,4.34,4.924
2004-04-19,4.387,4.951
2004-04-20,4.459,4.975
2004-04-21,4.425,4.982
2004-04-22,4.383,4.96
2004-04-23,4.46,4.966
2004-04-26,4.436,4.993
2004-04-27,4.385,4.994
2004-04-28,4.499,5.009
2004-04-29,4.538,5.005
2004-04-30,4.507,4.989
2004-05-03,4.501,4.984
2004-05-04,4.567,4.952
2004-05-05,4.581,4.956
2004-05-06,4.6,5.029
2004-05-07,4.773,5.113
2004-05-10,4.794,5.11
2004-05-11,4.748,5.085
2004-05-12,4.807,5.115
2004-05-13,4.854,5.14
2004-05-14,4.77,5.092
2004-05-17,4.691,5.045
2004-05-18,4.736,5.096
2004-05-19,4.774,5.159
2004-05-20,4.702,5.156
2004-05-21,4.758,5.153
2004-05-24,4.734,5.184
2004-05-25,4.722,5.157
2004-05-26,4.657,5.118
2004-05-27,4.602,5.098
2004-05-28,4.649,5.157
2004-05-31,4.649,5.157
2004-06-01,4.702,5.206
2004-06-02,4.74,5.213
2004-06-03,4.712,5.212
2004-06-04,4.774,5.222
2004-06-07,4.762,5.208
2004-06-08,4.764,5.189
2004-06-09,4.807,5.244
2004-06-10,4.795,5.213
2004-06-11,4.801,5.233
2004-06-14,4.872,5.245
2004-06-15,4.678,5.153
2004-06-16,4.724,5.202
2004-06-17,4.68,5.229
2004-06-18,4.712,5.177
2004-06-21,4.686,5.167
2004-06-22,4.719,5.182
2004-06-23,4.698,5.161
2004-06-24,4.646,5.103
2004-06-25,4.648,5.129
2004-06-28,4.737,5.17
2004-06-29,4.688,5.168
2004-06-30,4.583,5.099
2004-07-01,4.565,5.094
2004-07-02,4.461,5.044
2004-07-05,4.457,5.055
2004-07-06,4.476,5.058
2004-07-07,4.476,5.038
2004-07-08,4.472,5.036
2004-07-09,4.458,5.053
2004-07-12,4.447,5.042
2004-07-13,4.472,5.108
2004-07-14,4.482,5.09
2004-07-15,4.482,5.099
2004-07-16,4.351,5.028
2004-07-19,4.353,5.033
2004-07-20,4.446,5.04
2004-07-21,4.468,5.13
2004-07-22,4.446,5.11
2004-07-23,4.432,5.124
2004-07-26,4.487,5.15
2004-07-27,4.615,5.169
2004-07-28,4.585,5.181
2004-07-29,4.577,5.175
2004-07-30,4.477,5.096
2004-08-02,4.451,5.092
2004-08-03,4.426,5.093
2004-08-04,4.42,5.081
2004-08-05,4.402,4.998
2004-08-06,4.222,4.926
2004-08-09,4.258,4.963
2004-08-10,4.291,4.944
2004-08-11,4.273,4.985
2004-08-12,4.256,4.947
2004-08-13,4.229,4.934
2004-08-16,4.264,4.979
2004-08-17,4.192,4.966
2004-08-18,4.238,4.956
2004-08-19,4.215,4.955
2004-08-20,4.234,4.935
2004-08-23,4.285,5.018
2004-08-24,4.273,5.008
2004-08-25,4.263,4.965
2004-08-26,4.211,4.953
2004-08-27,4.228,4.959
2004-08-30,4.178,4.958
2004-08-31,4.119,4.923
2004-09-01,4.115,4.935
2004-09-02,4.215,4.969
2004-09-03,4.296,5.027
2004-09-06,4.293,4.978
2004-09-07,4.24,4.985
2004-09-08,4.161,4.97
2004-09-09,4.197,4.928
2004-09-10,4.188,4.908
2004-09-13,4.137,4.926
2004-09-14,4.126,4.91
2004-09-15,4.166,4.916
2004-09-16,4.074,4.933
2004-09-17,4.108,4.915
2004-09-20,4.058,4.895
2004-09-21,4.037,4.885
2004-09-22,3.98,4.831
2004-09-23,4.018,4.81
2004-09-24,4.029,4.831
2004-09-27,3.991,4.796
2004-09-28,4.004,4.81
2004-09-29,4.089,4.828
2004-09-30,4.121,4.833
2004-10-01,4.189,4.863
2004-10-04,4.166,4.89
2004-10-05,4.174,4.841
2004-10-06,4.222,4.837
2004-10-07,4.244,4.86
2004-10-08,4.131,4.79
2004-10-11,4.132,4.8
2004-10-12,4.1,4.747
2004-10-13,4.057,4.753
2004-10-14,4.026,4.73
2004-10-15,4.055,4.737
2004-10-18,4.043,4.722
2004-10-19,4.034,4.752
2004-10-20,3.982,4.691
2004-10-21,3.997,4.703
2004-10-22,3.976,4.7
2004-10-25,3.972,4.68
2004-10-26,4.001,4.691
2004-10-27,4.084,4.714
2004-10-28,4.051,4.748
2004-10-29,4.025,4.738
2004-11-01,4.072,4.742
2004-11-02,4.048,4.809
2004-11-03,4.076,4.791
2004-11-04,4.074,4.74
2004-11-05,4.175,4.797
2004-11-08,4.218,4.783
2004-11-09,4.228,4.755
2004-11-10,4.241,4.749
2004-11-11,4.254,4.694
2004-11-12,4.181,4.654
2004-11-15,4.188,4.638
2004-11-16,4.207,4.623
2004-11-17,4.131,4.656
2004-11-18,4.115,4.706
2004-11-19,4.205,4.682
2004-11-22,4.18,4.64
2004-11-23,4.184,4.619
2004-11-24,4.2,4.614
2004-11-25,4.196,4.576
2004-11-26,4.248,4.576
2004-11-29,4.32,4.598
2004-11-30,4.351,4.596
2004-12-01,4.367,4.626
2004-12-02,4.408,4.681
2004-12-03,4.252,4.645
2004-12-06,4.223,4.601
2004-12-07,4.223,4.576
2004-12-08,4.12,4.552
2004-12-09,4.168,4.53
2004-12-10,4.151,4.524
2004-12-13,4.149,4.51
2004-12-14,4.124,4.509
2004-12-15,4.076,4.458
2004-12-16,4.186,4.471
2004-12-17,4.201,4.492
2004-12-20,4.185,4.469
2004-12-21,4.164,4.488
2004-12-22,4.195,4.466
2004-12-23,4.226,4.455
2004-12-24,4.216,4.458
2004-12-27,4.298,4.456
2004-12-28,4.293,4.456
2004-12-29,4.324,4.579
2004-12-30,4.255,4.579
2004-12-31,4.22,4.537
2005-01-03,4.212,4.55
2005-01-04,4.291,4.53
2005-01-05,4.283,4.547
2005-01-06,4.263,4.521
2005-01-07,4.271,4.515
2005-01-10,4.271,4.507
2005-01-11,4.238,4.515
2005-01-12,4.236,4.524
2005-01-13,4.165,4.488
2005-01-14,4.226,4.496
2005-01-17,4.21,4.49
2005-01-18,4.187,4.548
2005-01-19,4.173,4.568
2005-01-20,4.163,4.606
2005-01-21,4.142,4.602
2005-01-24,4.122,4.594
2005-01-25,4.194,4.587
2005-01-26,4.198,4.599
2005-01-27,4.22,4.632
2005-01-28,4.142,4.606
2005-01-31,4.13,4.606
2005-02-01,4.14,4.589
2005-02-02,4.142,4.593
2005-02-03,4.165,4.607
2005-02-04,4.077,4.524
2005-02-07,4.052,4.504
2005-02-08,4.017,4.497
2005-02-09,3.992,4.489
2005-02-10,4.091,4.507
2005-02-11,4.086,4.534
2005-02-14,4.071,4.579
2005-02-15,4.098,4.587
2005-02-16,4.154,4.597
2005-02-17,4.181,4.63
2005-02-18,4.267,4.691
2005-02-21,4.264,4.73
2005-02-22,4.287,4.731
2005-02-23,4.264,4.755
2005-02-24,4.285,4.79
2005-02-25,4.266,4.762
2005-02-28,4.379,4.736
2005-03-01,4.367,4.786
2005-03-02,4.379,4.843
2005-03-03,4.379,4.824
2005-03-04,4.31,4.788
2005-03-07,4.31,4.792
2005-03-08,4.393,4.842
2005-03-09,4.522,4.864
2005-03-10,4.465,4.873
2005-03-11,4.544,4.857
2005-03-14,4.51,4.856
2005-03-15,4.547,4.792
2005-03-16,4.508,4.774
2005-03-17,4.466,4.803
2005-03-18,4.509,4.827
2005-03-21,4.525,4.84
2005-03-22,4.643,4.784
2005-03-23,4.586,4.841
2005-03-24,4.599,4.814
2005-03-25,4.595,4.815
2005-03-28,4.642,4.815
2005-03-29,4.575,4.787
2005-03-30,4.548,4.737
2005-03-31,4.483,4.699
2005-04-01,4.449,4.739
2005-04-04,4.458,4.698
2005-04-05,4.47,4.716
2005-04-06,4.424,4.696
2005-04-07,4.482,4.654
2005-04-08,4.47,4.694
2005-04-11,4.43,4.685
2005-04-12,4.354,4.69
2005-04-13,4.362,4.667
2005-04-14,4.31,4.654
2005-04-15,4.243,4.613
2005-04-18,4.272,4.583
2005-04-19,4.213,4.594
2005-04-20,4.187,4.595
2005-04-21,4.296,4.592
2005-04-22,4.247,4.597
2005-04-25,4.249,4.581
2005-04-26,4.267,4.579
2005-04-27,4.225,4.555
2005-04-28,4.146,4.538
2005-04-29,4.2,4.531
2005-05-02,4.188,4.53
2005-05-03,4.166,4.512
2005-05-04,4.188,4.547
2005-05-05,4.156,4.527
2005-05-06,4.26,4.597
2005-05-09,4.284,4.563
2005-05-10,4.202,4.509
2005-05-11,4.204,4.437
2005-05-12,4.172,4.411
2005-05-13,4.119,4.371
2005-05-16,4.129,4.371
2005-05-17,4.115,4.355
2005-05-18,4.09,4.35
2005-05-19,4.113,4.372
2005-05-20,4.123,4.396
2005-05-23,4.056,4.359
2005-05-24,4.029,4.332
2005-05-25,4.088,4.326
2005-05-26,4.081,4.359
2005-05-27,4.073,4.39
2005-05-30,4.071,4.39
2005-05-31,3.983,4.315
2005-06-01,3.886,4.252
2005-06-02,3.905,4.239
2005-06-03,3.975,4.265
2005-06-06,3.954,4.283
2005-06-07,3.903,4.242
2005-06-08,3.935,4.215
2005-06-09,3.95,4.241
2005-06-10,4.053,4.256
2005-06-13,4.094,4.298
2005-06-14,4.109,4.33
2005-06-15,4.101,4.4
2005-06-16,4.069,4.415
2005-06-17,4.072,4.399
2005-06-20,4.111,4.419
2005-06-21,4.042,4.353
2005-06-22,3.942,4.259
2005-06-23,3.953,4.261
2005-06-24,3.919,4.226
2005-06-27,3.904,4.183
2005-06-28,3.972,4.235
2005-06-29,3.98,4.22
2005-06-30,3.915,4.173
2005-07-01,4.051,4.21
2005-07-04,4.039,4.222
2005-07-05,4.107,4.267
2005-07-06,4.07,4.287
2005-07-07,4.062,4.204
2005-07-08,4.093,4.219
2005-07-11,4.095,4.295
2005-07-12,4.144,4.312
2005-07-13,4.158,4.32
2005-07-14,4.175,4.348
2005-07-15,4.165,4.338
2005-07-18,4.222,4.295
2005-07-19,4.181,4.329
2005-07-20,4.16,4.345
2005-07-21,4.278,4.36
2005-07-22,4.221,4.297
2005-07-25,4.246,4.286
2005-07-26,4.226,4.311
2005-07-27,4.256,4.304
2005-07-28,4.191,4.308
2005-07-29,4.278,4.315
2005-08-01,4.312,4.362
2005-08-02,4.336,4.383
2005-08-03,4.294,4.381
2005-08-04,4.314,4.364
2005-08-05,4.388,4.418
2005-08-08,4.42,4.399
2005-08-09,4.39,4.404
2005-08-10,4.392,4.403
2005-08-11,4.322,4.408
2005-08-12,4.244,4.339
2005-08-15,4.283,4.331
2005-08-16,4.207,4.301
2005-08-17,4.269,4.289
2005-08-18,4.2,4.256
2005-08-19,4.207,4.273
2005-08-22,4.209,4.268
2005-08-23,4.18,4.251
2005-08-24,4.167,4.239
2005-08-25,4.157,4.215
2005-08-26,4.188,4.218
2005-08-29,4.169,4.217
2005-08-30,4.092,4.181
2005-08-31,4.016,4.159
2005-09-01,4.033,4.12
2005-09-02,4.038,4.143
2005-09-05,4.03,4.151
2005-09-06,4.097,4.196
2005-09-07,4.139,4.219
2005-09-08,4.147,4.19
2005-09-09,4.12,4.16
2005-09-12,4.172,4.235
2005-09-13,4.128,4.192
2005-09-14,4.166,4.18
2005-09-15,4.213,4.192
2005-09-16,4.273,4.192
2005-09-19,4.248,4.225
2005-09-20,4.244,4.228
2005-09-21,4.168,4.164
2005-09-22,4.181,4.184
2005-09-23,4.248,4.218
2005-09-26,4.293,4.292
2005-09-27,4.283,4.295
2005-09-28,4.255,4.269
2005-09-29,4.296,4.268
2005-09-30,4.326,4.287
2005-10-03,4.385,4.309
2005-10-04,4.369,4.283
2005-10-05,4.342,4.264
2005-10-06,4.389,4.26
2005-10-07,4.374,4.269
2005-10-10,4.358,4.257
2005-10-11,4.393,4.275
2005-10-12,4.441,4.327
2005-10-13,4.463,4.398
2005-10-14,4.481,4.416
2005-10-17,4.495,4.422
2005-10-18,4.471,4.403
2005-10-19,4.461,4.372
2005-10-20,4.431,4.406
2005-10-21,4.386,4.366
2005-10-24,4.446,4.359
2005-10-25,4.536,4.41
2005-10-26,4.585,4.429
2005-10-27,4.548,4.408
2005-10-28,4.567,4.36
2005-10-31,4.553,4.335
2005-11-01,4.565,4.341
2005-11-02,4.606,4.412
2005-11-03,4.649,4.441
2005-11-04,4.661,4.437
2005-11-07,4.624,4.428
2005-11-08,4.553,4.399
2005-11-09,4.641,4.44
2005-11-10,4.556,4.432
2005-11-11,4.567,4.44
2005-11-14,4.606,4.429
2005-11-15,4.559,4.339
2005-11-16,4.473,4.21
2005-11-17,4.459,4.231
2005-11-18,4.49,4.268
2005-11-21,4.461,4.219
2005-11-22,4.428,4.24
2005-11-23,4.488,4.246
2005-11-24,4.472,4.204
2005-11-25,4.429,4.201
2005-11-28,4.406,4.21
2005-11-29,4.476,4.246
2005-11-30,4.486,4.231
2005-12-01,4.515,4.19
2005-12-02,4.513,4.226
2005-12-05,4.571,4.278
2005-12-06,4.484,4.244
2005-12-07,4.511,4.294
2005-12-08,4.464,4.25
2005-12-09,4.525,4.331
2005-12-12,4.549,4.305
2005-12-13,4.521,4.297
2005-12-14,4.458,4.285
2005-12-15,4.462,4.285
2005-12-16,4.435,4.239
2005-12-19,4.441,4.196
2005-12-20,4.462,4.178
2005-12-21,4.49,4.214
2005-12-22,4.429,4.187
2005-12-23,4.382,4.181
2005-12-27,4.339,4.181
2005-12-28,4.376,4.117
2005-12-29,4.356,4.124
2005-12-30,4.393,4.1
2006-01-02,4.393,4.1
2006-01-03,4.366,4.105
2006-01-04,4.344,4.074
2006-01-05,4.354,4.071
2006-01-06,4.375,4.076
2006-01-09,4.367,4.106
2006-01-10,4.426,4.136
2006-01-11,4.454,4.12
2006-01-12,4.405,4.083
2006-01-13,4.355,4.058
2006-01-16,4.355,4.049
2006-01-17,4.326,3.988
2006-01-18,4.334,3.984
2006-01-19,4.375,4.044
2006-01-20,4.351,4.042
2006-01-23,4.357,4.023
2006-01-24,4.392,4.034
2006-01-25,4.477,4.106
2006-01-26,4.519,4.175
2006-01-27,4.511,4.198
2006-01-30,4.527,4.177
2006-01-31,4.517,4.15
2006-02-01,4.557,4.19
2006-02-02,4.559,4.202
2006-02-03,4.525,4.184
2006-02-06,4.545,4.194
2006-02-07,4.567,4.218
2006-02-08,4.589,4.217
2006-02-09,4.545,4.162
2006-02-10,4.586,4.182
2006-02-13,4.579,4.194
2006-02-14,4.612,4.16
2006-02-15,4.598,4.205
2006-02-16,4.585,4.169
2006-02-17,4.539,4.13
2006-02-20,4.539,4.116
2006-02-21,4.567,4.127
2006-02-22,4.523,4.111
2006-02-23,4.557,4.134
2006-02-24,4.575,4.168
2006-02-27,4.592,4.223
2006-02-28,4.553,4.19
2006-03-01,4.587,4.171
2006-03-02,4.63,4.229
2006-03-03,4.682,4.26
2006-03-06,4.752,4.258
2006-03-07,4.724,4.263
2006-03-08,4.728,4.286
2006-03-09,4.726,4.314
2006-03-10,4.759,4.344
2006-03-13,4.769,4.348
2006-03-14,4.694,4.313
2006-03-15,4.729,4.328
2006-03-16,4.642,4.311
2006-03-17,4.672,4.366
2006-03-20,4.658,4.344
2006-03-21,4.719,4.351
2006-03-22,4.701,4.323
2006-03-23,4.735,4.337
2006-03-24,4.671,4.329
2006-03-27,4.705,4.34
2006-03-28,4.782,4.397
2006-03-29,4.806,4.39
2006-03-30,4.857,4.39
2006-03-31,4.849,4.398
2006-04-03,4.864,4.417
2006-04-04,4.866,4.424
2006-04-05,4.845,4.393
2006-04-06,4.901,4.428
2006-04-07,4.979,4.414
2006-04-10,4.955,4.444
2006-04-11,4.922,4.454
2006-04-12,4.98,4.464
2006-04-13,5.047,4.535
2006-04-14,5.047,4.538
2006-04-17,5.005,4.538
2006-04-18,4.985,4.526
2006-04-19,5.024,4.511
2006-04-20,5.041,4.509
2006-04-21,5.01,4.552
2006-04-24,4.979,4.575
2006-04-25,5.069,4.634
2006-04-26,5.107,4.681
2006-04-27,5.069,4.648
2006-04-28,5.053,4.635
2006-05-01,5.139,4.611
2006-05-02,5.11,4.643
2006-05-03,5.144,4.666
2006-05-04,5.154,4.698
2006-05-05,5.102,4.684
2006-05-08,5.113,4.705
2006-05-09,5.123,4.715
2006-05-10,5.125,4.691
2006-05-11,5.153,4.733
2006-05-12,5.196,4.744
2006-05-15,5.155,4.68
2006-05-16,5.097,4.617
2006-05-17,5.145,4.671
2006-05-18,5.063,4.578
2006-05-19,5.06,4.606
2006-05-22,5.04,4.564
2006-05-23,5.014,4.625
2006-05-24,5.038,4.585
2006-05-25,5.07,4.542
2006-05-26,5.05,4.548
2006-05-29,5.05,4.551
2006-05-30,5.078,4.573
2006-05-31,5.121,4.591
2006-06-01,5.1,4.636
2006-06-02,4.992,4.585
2006-06-05,5.02,4.6
2006-06-06,5.002,4.66
2006-06-07,5.02,4.645
2006-06-08,4.996,4.595
2006-06-09,4.973,4.57
2006-06-12,4.979,4.547
2006-06-13,4.963,4.519
2006-06-14,5.064,4.535
2006-06-15,5.096,4.624
2006-06-16,5.128,4.611
2006-06-19,5.137,4.666
2006-06-20,5.151,4.721
2006-06-21,5.155,4.723
2006-06-22,5.21,4.735
2006-06-23,5.224,4.748
2006-06-26,5.235,4.735
2006-06-27,5.202,4.735
2006-06-28,5.245,4.743
2006-06-29,5.196,4.716
2006-06-30,5.138,4.71
2006-07-03,5.151,4.742
2006-07-04,5.151,4.69
2006-07-05,5.222,4.725
2006-07-06,5.181,4.687
2006-07-07,5.128,4.648
2006-07-10,5.126,4.664
2006-07-11,5.102,4.635
2006-07-12,5.1,4.671
2006-07-13,5.065,4.642
2006-07-14,5.065,4.582
2006-07-17,5.065,4.619
2006-07-18,5.132,4.662
2006-07-19,5.051,4.631
2006-07-20,5.028,4.63
2006-07-21,5.042,4.612
2006-07-24,5.044,4.605
2006-07-25,5.065,4.631
2006-07-26,5.032,4.658
2006-07-27,5.036,4.616
2006-07-28,4.992,4.593
2006-07-31,4.981,4.605
2006-08-01,4.977,4.618
2006-08-02,4.965,4.648
2006-08-03,4.961,4.733
2006-08-04,4.895,4.706
2006-08-07,4.921,4.673
2006-08-08,4.919,4.669
2006-08-09,4.939,4.681
2006-08-10,4.933,4.701
2006-08-11,4.971,4.75
2006-08-14,4.997,4.765
2006-08-15,4.931,4.734
2006-08-16,4.861,4.688
2006-08-17,4.865,4.659
2006-08-18,4.843,4.611
2006-08-21,4.813,4.567
2006-08-22,4.811,4.537
2006-08-23,4.809,4.555
2006-08-24,4.801,4.556
2006-08-25,4.781,4.551
2006-08-28,4.793,4.552
2006-08-29,4.779,4.572
2006-08-30,4.753,4.553
2006-08-31,4.728,4.516
2006-09-01,4.726,4.502
2006-09-04,4.726,4.529
2006-09-05,4.781,4.551
2006-09-06,4.797,4.573
2006-09-07,4.787,4.567
2006-09-08,4.773,4.537
2006-09-11,4.803,4.571
2006-09-12,4.771,4.611
2006-09-13,4.761,4.568
2006-09-14,4.791,4.574
2006-09-15,4.79,4.577
2006-09-18,4.806,4.653
2006-09-19,4.735,4.622
2006-09-20,4.731,4.605
2006-09-21,4.638,4.575
2006-09-22,4.591,4.498
2006-09-25,4.544,4.454
2006-09-26,4.585,4.462
2006-09-27,4.6,4.472
2006-09-28,4.614,4.49
2006-09-29,4.63,4.523
2006-10-02,4.602,4.532
2006-10-03,4.616,4.559
2006-10-04,4.561,4.531
2006-10-05,4.606,4.522
2006-10-06,4.696,4.563
2006-10-09,4.696,4.558
2006-10-10,4.754,4.614
2006-10-11,4.78,4.613
2006-10-12,4.772,4.618
2006-10-13,4.8,4.648
2006-10-16,4.778,4.645
2006-10-17,4.768,4.63
2006-10-18,4.756,4.646
2006-10-19,4.784,4.662
2006-10-20,4.788,4.69
2006-10-23,4.83,4.702
2006-10-24,4.822,4.705
2006-10-25,4.763,4.701
2006-10-26,4.719,4.664
2006-10-27,4.673,4.594
2006-10-30,4.671,4.563
2006-10-31,4.6,4.511
2006-11-01,4.566,4.507
2006-11-02,4.596,4.552
2006-11-03,4.717,4.585
2006-11-06,4.695,4.606
2006-11-07,4.659,4.547
2006-11-08,4.637,4.569
2006-11-09,4.627,4.541
2006-11-10,4.59,4.52
2006-11-13,4.611,4.561
2006-11-14,4.564,4.533
2006-11-15,4.619,4.557
2006-11-16,4.666,4.572
2006-11-17,4.601,4.559
2006-11-20,4.599,4.537
2006-11-21,4.572,4.548
2006-11-22,4.56,4.554
2006-11-23,4.56,4.575
2006-11-24,4.55,4.53
2006-11-27,4.53,4.567
2006-11-28,4.503,4.54
2006-11-29,4.523,4.545
2006-11-30,4.46,4.513
2006-12-01,4.435,4.469
2006-12-04,4.425,4.47
2006-12-05,4.442,4.498
2006-12-06,4.487,4.503
2006-12-07,4.483,4.529
2006-12-08,4.546,4.559
2006-12-11,4.52,4.597
2006-12-12,4.487,4.615
2006-12-13,4.581,4.636
2006-12-14,4.599,4.683
2006-12-15,4.595,4.682
2006-12-18,4.583,4.705
2006-12-19,4.591,4.734
2006-12-20,4.597,4.712
2006-12-21,4.547,4.725
2006-12-22,4.62,4.732
2006-12-25,4.62,4.733
2006-12-26,4.601,4.733
2006-12-27,4.652,4.782
2006-12-28,4.682,4.786
2006-12-29,4.704,4.741
2007-01-01,4.704,4.741
2007-01-02,4.682,4.758
2007-01-03,4.66,4.787
2007-01-04,4.604,4.773
2007-01-05,4.646,4.802
2007-01-08,4.654,4.789
2007-01-09,4.656,4.8
2007-01-10,4.686,4.81
2007-01-11,4.732,4.856
2007-01-12,4.777,4.904
2007-01-15,4.777,4.9
2007-01-16,4.749,4.888
2007-01-17,4.781,4.897
2007-01-18,4.745,4.906
2007-01-19,4.777,4.906
2007-01-22,4.761,4.888
2007-01-23,4.81,4.899
2007-01-24,4.81,4.911
2007-01-25,4.875,4.961
2007-01-26,4.875,4.986
2007-01-29,4.892,5.012
2007-01-30,4.871,4.987
2007-01-31,4.81,4.976
2007-02-01,4.837,5.005
2007-02-02,4.822,5.002
2007-02-05,4.804,4.987
2007-02-06,4.768,4.983
2007-02-07,4.745,4.958
2007-02-08,4.733,4.917
2007-02-09,4.782,4.969
2007-02-12,4.806,4.985
2007-02-13,4.81,4.959
2007-02-14,4.738,4.953
2007-02-15,4.708,4.863
2007-02-16,4.69,4.876
2007-02-19,4.69,4.895
2007-02-20,4.676,4.909
2007-02-21,4.692,4.887
2007-02-22,4.73,4.935
2007-02-23,4.672,4.891
2007-02-26,4.627,4.84
2007-02-27,4.513,4.801
2007-02-28,4.568,4.797
2007-03-01,4.552,4.788
2007-03-02,4.499,4.777
2007-03-05,4.497,4.753
2007-03-06,4.53,4.766
2007-03-07,4.489,4.769
2007-03-08,4.514,4.775
2007-03-09,4.589,4.819
2007-03-12,4.554,4.811
2007-03-13,4.493,4.768
2007-03-14,4.536,4.737
2007-03-15,4.538,4.785
2007-03-16,4.545,4.783
2007-03-19,4.565,4.813
2007-03-20,4.551,4.832
2007-03-21,4.538,4.834
2007-03-22,4.585,4.868
2007-03-23,4.613,4.904
2007-03-26,4.603,4.911
2007-03-27,4.599,4.943
2007-03-28,4.622,4.932
2007-03-29,4.644,4.957
2007-03-30,4.646,4.969
2007-04-02,4.642,4.981
2007-04-03,4.666,5.023
2007-04-04,4.65,4.994
2007-04-05,4.68,4.999
2007-04-06,4.751,4.997
2007-04-09,4.745,4.998
2007-04-10,4.72,5.021
2007-04-11,4.732,5.024
2007-04-12,4.737,5.058
2007-04-13,4.763,5.103
2007-04-16,4.737,5.08
2007-04-17,4.682,5.089
2007-04-18,4.652,5.043
2007-04-19,4.666,5.069
2007-04-20,4.672,5.067
2007-04-23,4.642,5.054
2007-04-24,4.622,5.057
2007-04-25,4.652,5.06
2007-04-26,4.698,5.093
2007-04-27,4.694,5.115
2007-04-30,4.624,5.043
2007-05-01,4.638,5.066
2007-05-02,4.644,5.103
2007-05-03,4.674,5.133
2007-05-04,4.64,5.111
2007-05-07,4.628,5.111
2007-05-08,4.636,5.091
2007-05-09,4.667,5.085
2007-05-10,4.64,5.103
2007-05-11,4.674,5.087
2007-05-14,4.696,5.135
2007-05-15,4.704,5.137
2007-05-16,4.712,5.129
2007-05-17,4.754,5.153
2007-05-18,4.802,5.167
2007-05-21,4.784,5.175
2007-05-22,4.826,5.172
2007-05-23,4.849,5.227
2007-05-24,4.841,5.21
2007-05-25,4.859,5.234
2007-05-28,4.859,5.234
2007-05-29,4.884,5.23
2007-05-30,4.87,5.242
2007-05-31,4.89,5.255
2007-06-01,4.954,5.291
2007-06-04,4.929,5.293
2007-06-05,4.993,5.319
2007-06-06,4.966,5.277
2007-06-07,5.132,5.352
2007-06-08,5.101,5.391
2007-06-11,5.154,5.385
2007-06-12,5.295,5.447
2007-06-13,5.2,5.478
2007-06-14,5.223,5.475
2007-06-15,5.165,5.483
2007-06-18,5.136,5.493
2007-06-19,5.083,5.468
2007-06-20,5.134,5.503
2007-06-21,5.188,5.508
2007-06-22,5.132,5.524
2007-06-25,5.082,5.488
2007-06-26,5.08,5.469
2007-06-27,5.082,5.423
2007-06-28,5.105,5.435
2007-06-29,5.026,5.463
2007-07-02,4.991,5.42
2007-07-03,5.039,5.463
2007-07-04,5.039,5.497
2007-07-05,5.142,5.52
2007-07-06,5.184,5.547
2007-07-09,5.14,5.548
2007-07-10,5.023,5.446
2007-07-11,5.088,5.44
2007-07-12,5.126,5.464
2007-07-13,5.095,5.488
2007-07-16,5.041,5.456
2007-07-17,5.051,5.481
2007-07-18,5.03,5.412
2007-07-19,5.018,5.414
2007-07-20,4.952,5.307
2007-07-23,4.95,5.317
2007-07-24,4.911,5.311
2007-07-25,4.9,5.283
2007-07-26,4.787,5.21
2007-07-27,4.759,5.198
2007-07-30,4.804,5.161
2007-07-31,4.741,5.209
2007-08-01,4.794,5.202
2007-08-02,4.767,5.237
2007-08-03,4.686,5.184
2007-08-06,4.739,5.194
2007-08-07,4.77,5.204
2007-08-08,4.879,5.297
2007-08-09,4.77,5.255
2007-08-10,4.81,5.223
2007-08-13,4.762,5.233
2007-08-14,4.726,5.182
2007-08-15,4.726,5.131
2007-08-16,4.659,5.079
2007-08-17,4.687,5.076
2007-08-20,4.628,5.069
2007-08-21,4.592,5.004
2007-08-22,4.647,5.098
2007-08-23,4.647,5.064
2007-08-24,4.618,5.08
2007-08-27,4.565,5.079
2007-08-28,4.508,5.053
2007-08-29,4.561,5.036
2007-08-30,4.508,5.025
2007-08-31,4.531,5.036
2007-09-03,4.531,5.074
2007-09-04,4.549,5.082
2007-09-05,4.469,5.035
2007-09-06,4.51,5.018
2007-09-07,4.384,4.95
2007-09-10,4.324,4.9
2007-09-11,4.37,4.905
2007-09-12,4.412,4.9
2007-09-13,4.466,4.926
2007-09-14,4.456,4.867
2007-09-17,4.468,4.846
2007-09-18,4.474,4.947
2007-09-19,4.548,4.992
2007-09-20,4.698,5.037
2007-09-21,4.622,5.09
2007-09-24,4.63,5.072
2007-09-25,4.626,5.025
2007-09-26,4.622,5.058
2007-09-27,4.565,5.064
2007-09-28,4.588,5.011
2007-10-01,4.547,4.993
2007-10-02,4.524,4.964
2007-10-03,4.561,4.966
2007-10-04,4.512,4.941
2007-10-05,4.638,4.954
2007-10-08,4.638,4.949
2007-10-09,4.649,4.895
2007-10-10,4.651,4.982
2007-10-11,4.638,5.022
2007-10-12,4.683,5.077
2007-10-15,4.679,5.087
2007-10-16,4.649,5.075
2007-10-17,4.554,5.028
2007-10-18,4.491,4.969
2007-10-19,4.393,4.889
2007-10-22,4.413,4.879
2007-10-23,4.405,4.891
2007-10-24,4.341,4.84
2007-10-25,4.379,4.849
2007-10-26,4.403,4.846
2007-10-29,4.383,4.848
2007-10-30,4.381,4.872
2007-10-31,4.473,4.928
2007-11-01,4.348,4.919
2007-11-02,4.318,4.865
2007-11-05,4.336,4.856
2007-11-06,4.375,4.865
2007-11-07,4.31,4.83
2007-11-08,4.285,4.781
2007-11-09,4.215,4.737
2007-11-12,4.215,4.753
2007-11-13,4.265,4.75
2007-11-14,4.252,4.737
2007-11-15,4.142,4.676
2007-11-16,4.169,4.635
2007-11-19,4.073,4.608
2007-11-20,4.098,4.618
2007-11-21,4.009,4.56
2007-11-22,4.008,4.525
2007-11-23,4.001,4.564
2007-11-26,3.841,4.557
2007-11-27,3.95,4.59
2007-11-28,4.037,4.681
2007-11-29,3.936,4.575
2007-11-30,3.94,4.637
2007-12-03,3.848,4.584
2007-12-04,3.894,4.53
2007-12-05,3.957,4.487
2007-12-06,4.01,4.549
2007-12-07,4.107,4.641
2007-12-10,4.159,4.698
2007-12-11,3.971,4.67
2007-12-12,4.091,4.802
2007-12-13,4.203,4.764
2007-12-14,4.236,4.791
2007-12-17,4.147,4.756
2007-12-18,4.12,4.75
2007-12-19,4.03,4.681
2007-12-20,4.053,4.589
2007-12-21,4.17,4.637
2007-12-24,4.214,4.592
2007-12-25,4.214,4.601
2007-12-26,4.277,4.598
2007-12-27,4.199,4.63
2007-12-28,4.075,4.557
2007-12-31,4.025,4.508
2008-01-01,4.025,4.507
2008-01-02,3.905,4.44
2008-01-03,3.894,4.451
2008-01-04,3.867,4.406
2008-01-07,3.833,4.41
2008-01-08,3.784,4.449
2008-01-09,3.823,4.397
2008-01-10,3.886,4.402
2008-01-11,3.785,4.424
2008-01-14,3.767,4.414
2008-01-15,3.677,4.396
2008-01-16,3.736,4.383
2008-01-17,3.623,4.413
2008-01-18,3.632,4.439
2008-01-21,3.631,4.365
2008-01-22,3.435,4.499
2008-01-23,3.6,4.42
2008-01-24,3.704,4.535
2008-01-25,3.551,4.529
2008-01-28,3.582,4.488
2008-01-29,3.679,4.586
2008-01-30,3.667,4.567
2008-01-31,3.595,4.477
2008-02-01,3.594,4.473
2008-02-04,3.646,4.505
2008-02-05,3.572,4.409
2008-02-06,3.59,4.46
2008-02-07,3.762,4.43
2008-02-08,3.645,4.43
2008-02-11,3.616,4.497
2008-02-12,3.66,4.617
2008-02-13,3.73,4.617
2008-02-14,3.818,4.639
2008-02-15,3.77,4.603
2008-02-18,3.771,4.652
2008-02-19,3.898,4.644
2008-02-20,3.892,4.688
2008-02-21,3.773,4.685
2008-02-22,3.803,4.687
2008-02-25,3.898,4.722
2008-02-26,3.862,4.716
2008-02-27,3.85,4.702
2008-02-28,3.672,4.602
2008-02-29,3.511,4.469
2008-03-03,3.549,4.448
2008-03-04,3.626,4.411
2008-03-05,3.67,4.484
2008-03-06,3.585,4.389
2008-03-07,3.534,4.327
2008-03-10,3.457,4.292
2008-03-11,3.594,4.356
2008-03-12,3.462,4.421
2008-03-13,3.528,4.364
2008-03-14,3.47,4.328
2008-03-17,3.308,4.3
2008-03-18,3.485,4.355
2008-03-19,3.33,4.308
2008-03-20,3.335,4.289
2008-03-21,3.335,4.291
2008-03-24,3.558,4.288
2008-03-25,3.507,4.431
2008-03-26,3.462,4.437
2008-03-27,3.53,4.495
2008-03-28,3.443,4.411
2008-03-31,3.411,4.348
2008-04-01,3.56,4.447
2008-04-02,3.598,4.431
2008-04-03,3.579,4.451
2008-04-04,3.468,4.45
2008-04-07,3.537,4.505
2008-04-08,3.558,4.5
2008-04-09,3.483,4.514
2008-04-10,3.541,4.482
2008-04-11,3.471,4.41
2008-04-14,3.513,4.431
2008-04-15,3.602,4.434
2008-04-16,3.691,4.531
2008-04-17,3.729,4.649
2008-04-18,3.708,4.729
2008-04-21,3.727,4.674
2008-04-22,3.693,4.688
2008-04-23,3.733,4.67
2008-04-24,3.827,4.77
2008-04-25,3.872,4.782
2008-04-28,3.827,4.741
2008-04-29,3.821,4.684
2008-04-30,3.73,4.67
2008-05-01,3.765,4.623
2008-05-02,3.857,4.742
2008-05-05,3.869,4.742
2008-05-06,3.918,4.672
2008-05-07,3.849,4.713
2008-05-08,3.78,4.616
2008-05-09,3.771,4.58
2008-05-12,3.799,4.606
2008-05-13,3.915,4.708
2008-05-14,3.913,4.817
2008-05-15,3.816,4.825
2008-05-16,3.846,4.775
2008-05-19,3.831,4.828
2008-05-20,3.776,4.799
2008-05-21,3.809,4.883
2008-05-22,3.913,4.953
2008-05-23,3.844,4.923
2008-05-26,3.844,4.925
2008-05-27,3.921,4.925
2008-05-28,4.005,4.959
2008-05-29,4.077,5.032
2008-05-30,4.061,4.986
2008-06-02,3.959,4.955
2008-06-03,3.896,5.035
2008-06-04,3.978,4.949
2008-06-05,4.04,5.04
2008-06-06,3.911,4.992
2008-06-09,4,5.143
2008-06-10,4.105,5.131
2008-06-11,4.075,5.13
2008-06-12,4.213,5.155
2008-06-13,4.259,5.248
2008-06-16,4.269,5.215
2008-06-17,4.199,5.157
2008-06-18,4.138,5.158
2008-06-19,4.209,5.241
2008-06-20,4.166,5.148
2008-06-23,4.166,5.131
2008-06-24,4.084,5.148
2008-06-25,4.101,5.118
2008-06-26,4.035,5.008
2008-06-27,3.967,5.035
2008-06-30,3.971,5.13
2008-07-01,4.004,5.149
2008-07-02,3.959,5.126
2008-07-03,3.977,5.035
2008-07-04,3.977,4.963
2008-07-07,3.901,4.916
2008-07-08,3.884,4.906
2008-07-09,3.813,4.885
2008-07-10,3.798,4.869
2008-07-11,3.96,4.894
2008-07-14,3.857,4.896
2008-07-15,3.821,4.861
2008-07-16,3.936,4.872
2008-07-17,3.993,4.9
2008-07-18,4.085,5.04
2008-07-21,4.044,5.051
2008-07-22,4.101,4.998
2008-07-23,4.118,5.046
2008-07-24,3.999,4.977
2008-07-25,4.099,4.994
2008-07-28,4.003,4.951
2008-07-29,4.04,4.898
2008-07-30,4.046,4.847
2008-07-31,3.948,4.806
2008-08-01,3.933,4.838
2008-08-04,3.964,4.81
2008-08-05,4.019,4.765
2008-08-06,4.052,4.747
2008-08-07,3.925,4.684
2008-08-08,3.932,4.683
2008-08-11,3.995,4.712
2008-08-12,3.9,4.635
2008-08-13,3.936,4.605
2008-08-14,3.891,4.635
2008-08-15,3.84,4.575
2008-08-18,3.815,4.596
2008-08-19,3.834,4.59
2008-08-20,3.802,4.559
2008-08-21,3.831,4.572
2008-08-22,3.872,4.602
2008-08-25,3.786,4.595
2008-08-26,3.776,4.494
2008-08-27,3.765,4.505
2008-08-28,3.78,4.485
2008-08-29,3.813,4.48
2008-09-01,3.813,4.458
2008-09-02,3.735,4.495
2008-09-03,3.701,4.496
2008-09-04,3.625,4.456
2008-09-05,3.701,4.381
2008-09-08,3.676,4.483
2008-09-09,3.569,4.44
2008-09-10,3.631,4.456
2008-09-11,3.644,4.448
2008-09-12,3.721,4.6
2008-09-15,3.389,4.46
2008-09-16,3.438,4.418
2008-09-17,3.416,4.407
2008-09-18,3.546,4.416
2008-09-19,3.812,4.605
2008-09-22,3.837,4.689
2008-09-23,3.801,4.664
2008-09-24,3.812,4.572
2008-09-25,3.856,4.622
2008-09-26,3.854,4.546
2008-09-29,3.579,4.383
2008-09-30,3.825,4.449
2008-10-01,3.74,4.432
2008-10-02,3.629,4.372
2008-10-03,3.605,4.405
2008-10-06,3.455,4.216
2008-10-07,3.505,4.237
2008-10-08,3.642,4.297
2008-10-09,3.787,4.366
2008-10-10,3.872,4.466
2008-10-13,3.98,4.662
2008-10-14,4.079,4.744
2008-10-15,3.949,4.709
2008-10-16,3.961,4.722
2008-10-17,3.932,4.67
2008-10-20,3.843,4.614
2008-10-21,3.741,4.612
2008-10-22,3.596,4.483
2008-10-23,3.676,4.471
2008-10-24,3.687,4.358
2008-10-27,3.689,4.378
2008-10-28,3.836,4.393
2008-10-29,3.857,4.399
2008-10-30,3.966,4.437
2008-10-31,3.955,4.524
2008-11-03,3.916,4.499
2008-11-04,3.727,4.477
2008-11-05,3.704,4.424
2008-11-06,3.69,4.325
2008-11-07,3.795,4.19
2008-11-10,3.745,4.197
2008-11-11,3.745,4.216
2008-11-12,3.648,4.108
2008-11-13,3.857,4.091
2008-11-14,3.737,4.071
2008-11-17,3.65,4.104
2008-11-18,3.531,4.079
2008-11-19,3.322,4.044
2008-11-20,3.015,3.889
2008-11-21,3.199,3.858
2008-11-24,3.325,3.936
2008-11-25,3.11,3.87
2008-11-26,2.98,3.786
2008-11-27,2.98,3.784
2008-11-28,2.922,3.768
2008-12-01,2.733,3.66
2008-12-02,2.674,3.482
2008-12-03,2.66,3.43
2008-12-04,2.553,3.46
2008-12-05,2.705,3.419
2008-12-08,2.74,3.586
2008-12-09,2.642,3.577
2008-12-10,2.684,3.57
2008-12-11,2.604,3.601
2008-12-12,2.572,3.598
2008-12-15,2.514,3.472
2008-12-16,2.257,3.399
2008-12-17,2.193,3.226
2008-12-18,2.08,3.175
2008-12-19,2.125,3.178
2008-12-22,2.172,3.13
2008-12-23,2.175,3.124
2008-12-24,2.184,3.052
2008-12-25,2.183,3.053
2008-12-26,2.133,3.052
2008-12-29,2.1,3.1
2008-12-30,2.055,3.089
2008-12-31,2.214,3.02
2009-01-01,2.213,3.02
2009-01-02,2.371,3.035
2009-01-05,2.483,3.154
2009-01-06,2.447,3.261
2009-01-07,2.496,3.285
2009-01-08,2.441,3.22
2009-01-09,2.392,3.135
2009-01-12,2.306,3.139
2009-01-13,2.294,3.207
2009-01-14,2.201,3.12
2009-01-15,2.207,3.14
2009-01-16,2.32,3.297
2009-01-19,2.32,3.429
2009-01-20,2.379,3.515
2009-01-21,2.538,3.444
2009-01-22,2.594,3.505
2009-01-23,2.619,3.686
2009-01-26,2.643,3.696
2009-01-27,2.529,3.668
2009-01-28,2.668,3.644
2009-01-29,2.86,3.687
2009-01-30,2.842,3.704
2009-02-02,2.724,3.696
2009-02-03,2.886,3.749
2009-02-04,2.937,3.772
2009-02-05,2.914,3.717
2009-02-06,2.994,3.735
2009-02-09,2.986,3.965
2009-02-10,2.815,3.853
2009-02-11,2.755,3.612
2009-02-12,2.788,3.477
2009-02-13,2.891,3.558
2009-02-16,2.891,3.496
2009-02-17,2.65,3.415
2009-02-18,2.757,3.388
2009-02-19,2.855,3.509
2009-02-20,2.79,3.415
2009-02-23,2.755,3.458
2009-02-24,2.797,3.415
2009-02-25,2.928,3.458
2009-02-26,2.993,3.641
2009-02-27,3.015,3.623
2009-03-02,2.864,3.56
2009-03-03,2.879,3.557
2009-03-04,2.976,3.643
2009-03-05,2.813,3.358
2009-03-06,2.874,3.064
2009-03-09,2.861,3.127
2009-03-10,3.006,3.113
2009-03-11,2.907,3.092
2009-03-12,2.855,2.951
2009-03-13,2.892,2.949
2009-03-16,2.955,3.034
2009-03-17,3.008,3.07
2009-03-18,2.535,3.114
2009-03-19,2.604,3.034
2009-03-20,2.636,3.028
2009-03-23,2.654,3.137
2009-03-24,2.703,3.333
2009-03-25,2.786,3.281
2009-03-26,2.741,3.31
2009-03-27,2.759,3.286
2009-03-30,2.714,3.179
2009-03-31,2.665,3.166
2009-04-01,2.656,3.131
2009-04-02,2.768,3.373
2009-04-03,2.887,3.424
2009-04-06,2.924,3.442
2009-04-07,2.898,3.441
2009-04-08,2.858,3.351
2009-04-09,2.923,3.285
2009-04-10,2.924,3.288
2009-04-13,2.86,3.29
2009-04-14,2.786,3.212
2009-04-15,2.766,3.257
2009-04-16,2.832,3.238
2009-04-17,2.947,3.357
2009-04-20,2.838,3.215
2009-04-21,2.899,3.311
2009-04-22,2.942,3.446
2009-04-23,2.921,3.518
2009-04-24,2.992,3.487
2009-04-27,2.91,3.484
2009-04-28,3.009,3.456
2009-04-29,3.109,3.455
2009-04-30,3.121,3.501
2009-05-01,3.155,3.553
2009-05-04,3.153,3.547
2009-05-05,3.161,3.555
2009-05-06,3.163,3.605
2009-05-07,3.339,3.678
2009-05-08,3.287,3.729
2009-05-11,3.167,3.658
2009-05-12,3.175,3.661
2009-05-13,3.121,3.519
2009-05-14,3.09,3.48
2009-05-15,3.136,3.537
2009-05-18,3.232,3.48
2009-05-19,3.245,3.5
2009-05-20,3.193,3.578
2009-05-21,3.366,3.665
2009-05-22,3.451,3.727
2009-05-25,3.451,3.729
2009-05-26,3.549,3.681
2009-05-27,3.74,3.745
2009-05-28,3.614,3.8
2009-05-29,3.461,3.747
2009-06-01,3.675,3.84
2009-06-02,3.615,3.893
2009-06-03,3.542,3.785
2009-06-04,3.712,3.849
2009-06-05,3.83,3.922
2009-06-08,3.876,3.868
2009-06-09,3.858,3.849
2009-06-10,3.948,3.921
2009-06-11,3.856,4.024
2009-06-12,3.794,3.974
2009-06-15,3.713,3.877
2009-06-16,3.661,3.899
2009-06-17,3.69,3.785
2009-06-18,3.83,3.845
2009-06-19,3.783,3.81
2009-06-22,3.683,3.743
2009-06-23,3.623,3.74
2009-06-24,3.687,3.704
2009-06-25,3.542,3.706
2009-06-26,3.538,3.687
2009-06-29,3.479,3.616
2009-06-30,3.535,3.69
2009-07-01,3.538,3.77
2009-07-02,3.496,3.741
2009-07-03,3.5,3.729
2009-07-06,3.508,3.668
2009-07-07,3.456,3.682
2009-07-08,3.31,3.618
2009-07-09,3.405,3.79
2009-07-10,3.304,3.741
2009-07-13,3.352,3.673
2009-07-14,3.472,3.74
2009-07-15,3.606,3.8
2009-07-16,3.571,3.766
2009-07-17,3.645,3.813
2009-07-20,3.608,3.829
2009-07-21,3.484,3.794
2009-07-22,3.546,3.841
2009-07-23,3.657,3.967
2009-07-24,3.66,3.963
2009-07-27,3.721,3.968
2009-07-28,3.688,3.933
2009-07-29,3.66,3.968
2009-07-30,3.609,3.95
2009-07-31,3.481,3.801
2009-08-03,3.635,3.879
2009-08-04,3.687,3.852
2009-08-05,3.748,3.827
2009-08-06,3.752,3.732
2009-08-07,3.852,3.797
2009-08-10,3.778,3.783
2009-08-11,3.67,3.81
2009-08-12,3.719,3.789
2009-08-13,3.6,3.786
2009-08-14,3.571,3.679
2009-08-17,3.47,3.605
2009-08-18,3.511,3.656
2009-08-19,3.454,3.586
2009-08-20,3.433,3.607
2009-08-21,3.567,3.642
2009-08-24,3.477,3.631
2009-08-25,3.437,3.551
2009-08-26,3.435,3.547
2009-08-27,3.455,3.557
2009-08-28,3.447,3.555
2009-08-31,3.399,3.556
2009-09-01,3.364,3.56
2009-09-02,3.307,3.546
2009-09-03,3.346,3.593
2009-09-04,3.44,3.624
2009-09-07,3.443,3.635
2009-09-08,3.484,3.675
2009-09-09,3.473,3.759
2009-09-10,3.349,3.678
2009-09-11,3.349,3.61
2009-09-14,3.423,3.609
2009-09-15,3.456,3.618
2009-09-16,3.471,3.69
2009-09-17,3.385,3.729
2009-09-18,3.465,3.741
2009-09-21,3.482,3.74
2009-09-22,3.446,3.765
2009-09-23,3.42,3.751
2009-09-24,3.383,3.692
2009-09-25,3.32,3.61
2009-09-28,3.282,3.627
2009-09-29,3.292,3.614
2009-09-30,3.307,3.592
2009-10-01,3.181,3.488
2009-10-02,3.221,3.439
2009-10-05,3.222,3.401
2009-10-06,3.257,3.405
2009-10-07,3.184,3.385
2009-10-08,3.25,3.356
2009-10-09,3.382,3.453
2009-10-12,3.38,3.381
2009-10-13,3.349,3.402
2009-10-14,3.415,3.498
2009-10-15,3.458,3.569
2009-10-16,3.413,3.599
2009-10-19,3.391,3.605
2009-10-20,3.343,3.539
2009-10-21,3.387,3.707
2009-10-22,3.415,3.707
2009-10-23,3.492,3.675
2009-10-26,3.556,3.697
2009-10-27,3.447,3.61
2009-10-28,3.417,3.607
2009-10-29,3.499,3.673
2009-10-30,3.385,3.619
2009-11-02,3.416,3.663
2009-11-03,3.467,3.722
2009-11-04,3.526,3.792
2009-11-05,3.526,3.854
2009-11-06,3.499,3.885
2009-11-09,3.488,3.835
2009-11-10,3.474,3.792
2009-11-11,3.489,3.755
2009-11-12,3.446,3.778
2009-11-13,3.42,3.795
2009-11-16,3.336,3.748
2009-11-17,3.325,3.672
2009-11-18,3.366,3.681
2009-11-19,3.338,3.659
2009-11-20,3.368,3.638
2009-11-23,3.351,3.665
2009-11-24,3.305,3.655
2009-11-25,3.271,3.634
2009-11-26,3.271,3.53
2009-11-27,3.207,3.545
2009-11-30,3.2,3.523
2009-12-01,3.284,3.547
2009-12-02,3.312,3.591
2009-12-03,3.386,3.627
2009-12-04,3.474,3.709
2009-12-07,3.431,3.694
2009-12-08,3.382,3.696
2009-12-09,3.435,3.666
2009-12-10,3.499,3.808
2009-12-11,3.552,3.859
2009-12-14,3.55,3.832
2009-12-15,3.588,3.894
2009-12-16,3.599,3.885
2009-12-17,3.48,3.847
2009-12-18,3.539,3.776
2009-12-21,3.676,3.864
2009-12-22,3.756,3.908
2009-12-23,3.75,3.992
2009-12-24,3.805,3.996
2009-12-25,3.805,3.995
2009-12-28,3.842,3.996
2009-12-29,3.799,4.082
2009-12-30,3.788,4.066
2009-12-31,3.839,4.015
2010-01-01,3.837,4.015
2010-01-04,3.817,3.964
2010-01-05,3.763,4.016
2010-01-06,3.823,4.053
2010-01-07,3.825,4.052
2010-01-08,3.832,4.063
2010-01-11,3.82,3.98
2010-01-12,3.713,3.934
2010-01-13,3.793,3.959
2010-01-14,3.74,3.982
2010-01-15,3.676,3.938
2010-01-18,3.676,3.937
2010-01-19,3.694,4.026
2010-01-20,3.649,4.014
2010-01-21,3.588,3.926
2010-01-22,3.609,3.921
2010-01-25,3.628,3.909
2010-01-26,3.621,3.878
2010-01-27,3.65,3.882
2010-01-28,3.636,3.939
2010-01-29,3.586,3.911
2010-02-01,3.652,3.898
2010-02-02,3.642,3.913
2010-02-03,3.707,3.915
2010-02-04,3.608,3.897
2010-02-05,3.567,3.883
2010-02-08,3.562,3.947
2010-02-09,3.647,3.964
2010-02-10,3.692,3.926
2010-02-11,3.72,4.024
2010-02-12,3.695,4.042
2010-02-15,3.693,4.064
2010-02-16,3.659,4.036
2010-02-17,3.733,4.03
2010-02-18,3.803,4.098
2010-02-19,3.775,4.172
2010-02-22,3.797,4.23
2010-02-23,3.685,4.173
2010-02-24,3.693,4.076
2010-02-25,3.634,4.03
2010-02-26,3.614,4.031
2010-03-01,3.61,4.076
2010-03-02,3.606,4.02
2010-03-03,3.619,4.032
2010-03-04,3.604,4.003
2010-03-05,3.682,4.063
2010-03-08,3.718,4.099
2010-03-09,3.702,4.05
2010-03-10,3.723,4.075
2010-03-11,3.729,4.149
2010-03-12,3.702,4.098
2010-03-15,3.697,4.064
2010-03-16,3.651,4.026
2010-03-17,3.638,4.006
2010-03-18,3.678,3.983
2010-03-19,3.691,3.955
2010-03-22,3.661,3.922
2010-03-23,3.687,3.917
2010-03-24,3.854,3.979
2010-03-25,3.88,4.035
2010-03-26,3.849,4.037
2010-03-29,3.866,3.975
2010-03-30,3.859,3.99
2010-03-31,3.828,3.939
2010-04-01,3.87,3.922
2010-04-02,3.947,3.92
2010-04-05,3.988,3.923
2010-04-06,3.952,4.013
2010-04-07,3.855,4.06
2010-04-08,3.892,4.009
2010-04-09,3.884,4.045
2010-04-12,3.844,4.05
2010-04-13,3.822,4.017
2010-04-14,3.861,4.031
2010-04-15,3.834,4.035
2010-04-16,3.764,3.984
2010-04-19,3.799,3.991
2010-04-20,3.801,4.02
2010-04-21,3.738,4.02
2010-04-22,3.774,3.987
2010-04-23,3.811,4.044
2010-04-26,3.807,3.996
2010-04-27,3.69,3.963
2010-04-28,3.765,3.943
2010-04-29,3.726,3.95
2010-04-30,3.655,3.852
2010-05-03,3.684,3.907
2010-05-04,3.592,3.839
2010-05-05,3.541,3.817
2010-05-06,3.396,3.799
2010-05-07,3.427,3.831
2010-05-10,3.543,3.922
2010-05-11,3.525,3.886
2010-05-12,3.573,3.846
2010-05-13,3.531,3.841
2010-05-14,3.455,3.751
2010-05-17,3.489,3.742
2010-05-18,3.348,3.754
2010-05-19,3.37,3.661
2010-05-20,3.214,3.564
2010-05-21,3.24,3.55
2010-05-24,3.196,3.546
2010-05-25,3.16,3.469
2010-05-26,3.19,3.557
2010-05-27,3.362,3.613
2010-05-28,3.294,3.581
2010-05-31,3.287,3.581
2010-06-01,3.261,3.575
2010-06-02,3.342,3.547
2010-06-03,3.366,3.584
2010-06-04,3.204,3.513
2010-06-07,3.144,3.494
2010-06-08,3.188,3.469
2010-06-09,3.175,3.528
2010-06-10,3.321,3.56
2010-06-11,3.236,3.463
2010-06-14,3.255,3.546
2010-06-15,3.304,3.553
2010-06-16,3.262,3.536
2010-06-17,3.19,3.483
2010-06-18,3.221,3.544
2010-06-21,3.243,3.514
2010-06-22,3.168,3.457
2010-06-23,3.121,3.437
2010-06-24,3.139,3.389
2010-06-25,3.11,3.383
2010-06-28,3.023,3.376
2010-06-29,2.951,3.389
2010-06-30,2.933,3.355
2010-07-01,2.949,3.316
2010-07-02,2.979,3.354
2010-07-05,2.975,3.321
2010-07-06,2.932,3.346
2010-07-07,2.982,3.359
2010-07-08,3.032,3.373
2010-07-09,3.054,3.332
2010-07-12,3.065,3.336
2010-07-13,3.123,3.376
2010-07-14,3.044,3.398
2010-07-15,2.996,3.375
2010-07-16,2.923,3.332
2010-07-19,2.955,3.353
2010-07-20,2.95,3.354
2010-07-21,2.88,3.346
2010-07-22,2.937,3.361
2010-07-23,2.996,3.437
2010-07-26,2.994,3.454
2010-07-27,3.05,3.516
2010-07-28,2.987,3.486
2010-07-29,2.981,3.414
2010-07-30,2.907,3.325
2010-08-02,2.963,3.349
2010-08-03,2.91,3.275
2010-08-04,2.952,3.292
2010-08-05,2.903,3.236
2010-08-06,2.818,3.224
2010-08-09,2.831,3.242
2010-08-10,2.761,3.255
2010-08-11,2.683,3.143
2010-08-12,2.747,3.115
2010-08-13,2.673,3.122
2010-08-16,2.564,3.041
2010-08-17,2.634,3.063
2010-08-18,2.634,3.027
2010-08-19,2.577,3.007
2010-08-20,2.612,2.975
2010-08-23,2.6,2.971
2010-08-24,2.49,2.879
2010-08-25,2.536,2.843
2010-08-26,2.477,2.887
2010-08-27,2.646,2.901
2010-08-30,2.53,2.9
2010-08-31,2.47,2.832
2010-09-01,2.575,2.931
2010-09-02,2.625,2.962
2010-09-03,2.699,3.008
2010-09-06,2.704,2.982
2010-09-07,2.596,2.914
2010-09-08,2.657,2.989
2010-09-09,2.761,3.053
2010-09-10,2.794,3.125
2010-09-13,2.75,3.117
2010-09-14,2.681,3.055
2010-09-15,2.723,3.084
2010-09-16,2.763,3.143
2010-09-17,2.739,3.127
2010-09-20,2.704,3.152
2010-09-21,2.574,3.119
2010-09-22,2.56,2.974
2010-09-23,2.553,2.952
2010-09-24,2.607,3.042
2010-09-27,2.526,2.974
2010-09-28,2.467,2.934
2010-09-29,2.505,2.909
2010-09-30,2.512,2.95
2010-10-01,2.512,2.971
2010-10-04,2.478,2.933
2010-10-05,2.474,2.965
2010-10-06,2.399,2.895
2010-10-07,2.385,2.928
2010-10-08,2.394,2.866
2010-10-11,2.394,2.878
2010-10-12,2.433,2.848
2010-10-13,2.424,2.879
2010-10-14,2.509,2.88
2010-10-15,2.561,2.945
2010-10-18,2.509,2.963
2010-10-19,2.477,3.002
2010-10-20,2.481,2.987
2010-10-21,2.547,2.937
2010-10-22,2.556,2.951
2010-10-25,2.563,2.923
2010-10-26,2.641,3.06
2010-10-27,2.722,3.151
2010-10-28,2.659,3.15
2010-10-29,2.601,3.076
2010-11-01,2.625,3.046
2010-11-02,2.588,3.034
2010-11-03,2.572,2.997
2010-11-04,2.491,2.952
2010-11-05,2.532,2.977
2010-11-08,2.552,3.005
2010-11-09,2.658,3.032
2010-11-10,2.634,3.164
2010-11-11,2.646,3.155
2010-11-12,2.789,3.204
2010-11-15,2.961,3.266
2010-11-16,2.842,3.292
2010-11-17,2.878,3.272
2010-11-18,2.897,3.4
2010-11-19,2.873,3.386
2010-11-22,2.804,3.333
2010-11-23,2.775,3.262
2010-11-24,2.914,3.333
2010-11-25,2.91,3.363
2010-11-26,2.868,3.347
2010-11-29,2.822,3.338
2010-11-30,2.799,3.225
2010-12-01,2.966,3.361
2010-12-02,2.99,3.401
2010-12-03,3.007,3.413
2010-12-06,2.922,3.397
2010-12-07,3.128,3.459
2010-12-08,3.274,3.547
2010-12-09,3.206,3.493
2010-12-10,3.321,3.518
2010-12-13,3.277,3.552
2010-12-14,3.475,3.608
2010-12-15,3.534,3.62
2010-12-16,3.424,3.631
2010-12-17,3.33,3.557
2010-12-20,3.338,3.481
2010-12-21,3.305,3.506
2010-12-22,3.348,3.504
2010-12-23,3.391,3.499
2010-12-24,3.395,3.509
2010-12-27,3.331,3.504
2010-12-28,3.481,3.509
2010-12-29,3.351,3.571
2010-12-30,3.367,3.474
2010-12-31,3.295,3.396
2011-01-03,3.334,3.397
2011-01-04,3.331,3.462
2011-01-05,3.467,3.551
2011-01-06,3.395,3.529
2011-01-07,3.326,3.512
2011-01-10,3.285,3.513
2011-01-11,3.341,3.554
2011-01-12,3.367,3.644
2011-01-13,3.299,3.606
2011-01-14,3.325,3.609
2011-01-17,3.331,3.618
2011-01-18,3.368,3.659
2011-01-19,3.341,3.635
2011-01-20,3.451,3.688
2011-01-21,3.406,3.695
2011-01-24,3.406,3.671
2011-01-25,3.33,3.627
2011-01-26,3.417,3.692
2011-01-27,3.389,3.69
2011-01-28,3.323,3.648
2011-01-31,3.372,3.653
2011-02-01,3.441,3.704
2011-02-02,3.479,3.761
2011-02-03,3.551,3.777
2011-02-04,3.638,3.817
2011-02-07,3.632,3.83
2011-02-08,3.739,3.836
2011-02-09,3.648,3.87
2011-02-10,3.698,3.88
2011-02-11,3.631,3.866
2011-02-14,3.621,3.836
2011-02-15,3.606,3.849
2011-02-16,3.621,3.809
2011-02-17,3.574,3.758
2011-02-18,3.582,3.803
2011-02-21,3.589,3.73
2011-02-22,3.455,3.678
2011-02-23,3.487,3.666
2011-02-24,3.45,3.619
2011-02-25,3.414,3.614
2011-02-28,3.429,3.6
2011-03-01,3.394,3.62
2011-03-02,3.472,3.635
2011-03-03,3.557,3.714
2011-03-04,3.492,3.627
2011-03-07,3.514,3.632
2011-03-08,3.55,3.671
2011-03-09,3.469,3.66
2011-03-10,3.36,3.595
2011-03-11,3.404,3.546
2011-03-14,3.358,3.569
2011-03-15,3.305,3.525
2011-03-16,3.172,3.477
2011-03-17,3.257,3.544
2011-03-18,3.27,3.507
2011-03-21,3.33,3.524
2011-03-22,3.328,3.598
2011-03-23,3.352,3.553
2011-03-24,3.406,3.578
2011-03-25,3.441,3.61
2011-03-28,3.433,3.598
2011-03-29,3.489,3.627
2011-03-30,3.437,3.667
2011-03-31,3.472,3.687
2011-04-01,3.444,3.717
2011-04-04,3.42,3.721
2011-04-05,3.481,3.766
2011-04-06,3.547,3.761
2011-04-07,3.547,3.75
2011-04-08,3.579,3.807
2011-04-11,3.587,3.807
2011-04-12,3.492,3.697
2011-04-13,3.46,3.706
2011-04-14,3.5,3.687
2011-04-15,3.41,3.599
2011-04-18,3.376,3.554
2011-04-19,3.365,3.55
2011-04-20,3.41,3.574
2011-04-21,3.398,3.525
2011-04-22,3.393,3.525
2011-04-25,3.365,3.525
2011-04-26,3.309,3.483
2011-04-27,3.357,3.568
2011-04-28,3.312,3.482
2011-04-29,3.288,3.426
2011-05-02,3.281,3.449
2011-05-03,3.249,3.42
2011-05-04,3.218,3.377
2011-05-05,3.152,3.384
2011-05-06,3.148,3.381
2011-05-09,3.162,3.362
2011-05-10,3.214,3.377
2011-05-11,3.16,3.435
2011-05-12,3.223,3.375
2011-05-13,3.171,3.363
2011-05-16,3.148,3.382
2011-05-17,3.117,3.363
2011-05-18,3.181,3.384
2011-05-19,3.172,3.389
2011-05-20,3.146,3.343
2011-05-23,3.13,3.303
2011-05-24,3.115,3.338
2011-05-25,3.131,3.323
2011-05-26,3.058,3.313
2011-05-27,3.074,3.292
2011-05-30,3.074,3.27
2011-05-31,3.062,3.29
2011-06-01,2.942,3.249
2011-06-02,3.031,3.244
2011-06-03,2.987,3.284
2011-06-06,2.996,3.268
2011-06-07,2.996,3.332
2011-06-08,2.94,3.287
2011-06-09,2.998,3.271
2011-06-10,2.97,3.222
2011-06-13,2.985,3.252
2011-06-14,3.098,3.293
2011-06-15,2.97,3.234
2011-06-16,2.928,3.177
2011-06-17,2.945,3.197
2011-06-20,2.959,3.222
2011-06-21,2.984,3.22
2011-06-22,2.983,3.193
2011-06-23,2.913,3.151
2011-06-24,2.864,3.13
2011-06-27,2.931,3.158
2011-06-28,3.032,3.26
2011-06-29,3.113,3.324
2011-06-30,3.161,3.378
2011-07-01,3.183,3.384
2011-07-04,3.183,3.361
2011-07-05,3.122,3.319
2011-07-06,3.109,3.245
2011-07-07,3.139,3.296
2011-07-08,3.028,3.192
2011-07-11,2.92,3.086
2011-07-12,2.878,3.09
2011-07-13,2.883,3.119
2011-07-14,2.954,3.105
2011-07-15,2.907,3.076
2011-07-18,2.929,3.024
2011-07-19,2.881,3.045
2011-07-20,2.928,3.072
2011-07-21,3.015,3.173
2011-07-22,2.963,3.106
2011-07-25,3.002,3.048
2011-07-26,2.954,3.07
2011-07-27,2.981,2.981
2011-07-28,2.946,2.964
2011-07-29,2.797,2.858
2011-08-01,2.745,2.802
2011-08-02,2.612,2.765
2011-08-03,2.621,2.739
2011-08-04,2.404,2.681
2011-08-05,2.56,2.686
2011-08-08,2.319,2.64
2011-08-09,2.25,2.711
2011-08-10,2.107,2.481
2011-08-11,2.34,2.544
2011-08-12,2.256,2.531
2011-08-15,2.306,2.534
2011-08-16,2.22,2.558
2011-08-17,2.166,2.431
2011-08-18,2.063,2.312
2011-08-19,2.064,2.386
2011-08-22,2.107,2.383
2011-08-23,2.154,2.392
2011-08-24,2.3,2.474
2011-08-25,2.23,2.46
2011-08-26,2.191,2.498
2011-08-29,2.257,2.479
2011-08-30,2.178,2.501
2011-08-31,2.224,2.602
2011-09-01,2.131,2.539
2011-09-02,1.989,2.439
2011-09-05,1.989,2.283
2011-09-06,1.985,2.292
2011-09-07,2.044,2.339
2011-09-08,1.98,2.348
2011-09-09,1.92,2.258
2011-09-12,1.948,2.186
2011-09-13,1.992,2.41
2011-09-14,1.985,2.443
2011-09-15,2.083,2.519
2011-09-16,2.049,2.482
2011-09-19,1.951,2.392
2011-09-20,1.939,2.386
2011-09-21,1.858,2.411
2011-09-22,1.719,2.314
2011-09-23,1.834,2.363
2011-09-26,1.901,2.429
2011-09-27,1.972,2.537
2011-09-28,1.981,2.553
2011-09-29,1.997,2.529
2011-09-30,1.916,2.427
2011-10-03,1.757,2.346
2011-10-04,1.822,2.247
2011-10-05,1.889,2.354
2011-10-06,1.988,2.392
2011-10-07,2.078,2.468
2011-10-10,2.078,2.584
2011-10-11,2.151,2.585
2011-10-12,2.211,2.64
2011-10-13,2.184,2.557
2011-10-14,2.249,2.605
2011-10-17,2.156,2.528
2011-10-18,2.178,2.433
2011-10-19,2.161,2.468
2011-10-20,2.19,2.452
2011-10-21,2.22,2.529
2011-10-24,2.234,2.556
2011-10-25,2.11,2.509
2011-10-26,2.205,2.468
2011-10-27,2.398,2.62
2011-10-28,2.318,2.606
2011-10-31,2.114,2.435
2011-11-01,1.99,2.209
2011-11-02,1.986,2.286
2011-11-03,2.074,2.376
2011-11-04,2.034,2.306
2011-11-07,2.038,2.262
2011-11-08,2.078,2.265
2011-11-09,1.962,2.176
2011-11-10,2.058,2.228
2011-11-11,2.058,2.287
2011-11-14,2.057,2.179
2011-11-15,2.046,2.15
2011-11-16,2.001,2.154
2011-11-17,1.961,2.228
2011-11-18,2.011,2.252
2011-11-21,1.956,2.201
2011-11-22,1.918,2.172
2011-11-23,1.885,2.141
2011-11-24,1.885,2.158
2011-11-25,1.965,2.288
2011-11-28,1.975,2.27
2011-11-29,1.992,2.231
2011-11-30,2.069,2.31
2011-12-01,2.088,2.262
2011-12-02,2.034,2.288
2011-12-05,2.044,2.345
2011-12-06,2.09,2.247
2011-12-07,2.03,2.232
2011-12-08,1.971,2.117
2011-12-09,2.062,2.158
2011-12-12,2.014,2.1
2011-12-13,1.966,2.124
2011-12-14,1.904,2.091
2011-12-15,1.909,2.1
2011-12-16,1.848,2.041
2011-12-19,1.81,2.061
2011-12-20,1.924,2.093
2011-12-21,1.968,2.07
2011-12-22,1.948,2.047
2011-12-23,2.025,2.035
2011-12-26,2.025,2.035
2011-12-27,2.006,2.035
2011-12-28,1.918,2.009
2011-12-29,1.9,1.961
2011-12-30,1.877,1.975
2012-01-02,1.877,1.975
2012-01-03,1.948,2.031
2012-01-04,1.978,2.052
2012-01-05,1.996,2.051
2012-01-06,1.959,2.016
2012-01-09,1.959,2.004
2012-01-10,1.969,2.076
2012-01-11,1.905,2.004
2012-01-12,1.924,2.021
2012-01-13,1.864,1.967
2012-01-16,1.864,1.967
2012-01-17,1.857,1.961
2012-01-18,1.899,1.962
2012-01-19,1.978,2.051
2012-01-20,2.025,2.113
2012-01-23,2.052,2.162
2012-01-24,2.061,2.177
2012-01-25,1.995,2.156
2012-01-26,1.932,2.086
2012-01-27,1.892,2.066
2012-01-30,1.845,1.988
2012-01-31,1.798,1.968
2012-02-01,1.827,2.051
2012-02-02,1.822,2.09
2012-02-03,1.923,2.177
2012-02-06,1.907,2.156
2012-02-07,1.974,2.219
2012-02-08,1.983,2.19
2012-02-09,2.037,2.223
2012-02-10,1.987,2.109
2012-02-13,1.975,2.125
2012-02-14,1.937,2.091
2012-02-15,1.928,2.08
2012-02-16,1.984,2.136
2012-02-17,2.003,2.183
2012-02-20,2.003,2.224
2012-02-21,2.06,2.216
2012-02-22,2.004,2.105
2012-02-23,1.997,2.097
2012-02-24,1.977,2.068
2012-02-27,1.926,2.029
2012-02-28,1.944,2.014
2012-02-29,1.972,2.147
2012-03-01,2.027,2.214
2012-03-02,1.975,2.135
2012-03-05,2.011,2.185
2012-03-06,1.944,2.122
2012-03-07,1.976,2.135
2012-03-08,2.013,2.143
2012-03-09,2.029,2.152
2012-03-12,2.034,2.092
2012-03-13,2.127,2.17
2012-03-14,2.27,2.339
2012-03-15,2.28,2.369
2012-03-16,2.295,2.442
2012-03-19,2.378,2.428
2012-03-20,2.36,2.421
2012-03-21,2.297,2.37
2012-03-22,2.279,2.325
2012-03-23,2.233,2.272
2012-03-26,2.249,2.332
2012-03-27,2.184,2.26
2012-03-28,2.201,2.21
2012-03-29,2.16,2.198
2012-03-30,2.211,2.201
2012-04-02,2.183,2.223
2012-04-03,2.301,2.17
2012-04-04,2.224,2.21
2012-04-05,2.181,2.155
2012-04-06,2.055,
2012-04-09,2.048,2.155
2012-04-10,1.983,2.008
2012-04-11,2.036,2.05
2012-04-12,2.052,2.083
2012-04-13,1.983,2.039
2012-04-16,1.981,2.029
2012-04-17,1.999,2.096
2012-04-18,1.976,2.131
2012-04-19,1.967,2.151
2012-04-20,1.964,2.174
2012-04-23,1.936,2.122
2012-04-24,1.974,2.095
2012-04-25,1.985,2.14
2012-04-26,1.939,2.098
2012-04-27,1.936,2.123
2012-04-30,1.915,2.111
2012-05-01,1.944,2.097
2012-05-02,1.929,2.046
2012-05-03,1.932,2.037
2012-05-04,1.879,1.994
2012-05-07,1.872,2.003
2012-05-08,1.841,1.935
2012-05-09,1.824,1.903
2012-05-10,1.868,1.986
2012-05-11,1.838,1.961
2012-05-14,1.765,1.876
2012-05-15,1.769,1.893
2012-05-16,1.761,1.876
2012-05-17,1.698,1.836
2012-05-18,1.723,1.822
2012-05-21,1.742,1.843
2012-05-22,1.77,1.869
2012-05-23,1.735,1.77
2012-05-24,1.778,1.775
2012-05-25,1.739,1.752
2012-05-28,1.739,1.76
2012-05-29,1.746,1.777
2012-05-30,1.623,1.646
2012-05-31,1.559,1.568
2012-06-01,1.453,1.531
2012-06-04,1.525,1.521
2012-06-05,1.575,1.522
2012-06-06,1.66,1.661
2012-06-07,1.64,1.714
2012-06-08,1.636,1.624
2012-06-11,1.587,1.65
2012-06-12,1.665,1.694
2012-06-13,1.594,1.748
2012-06-14,1.643,1.727
2012-06-15,1.578,1.664
2012-06-18,1.575,1.66
2012-06-19,1.621,1.715
2012-06-20,1.658,1.769
2012-06-21,1.617,1.698
2012-06-22,1.675,1.721
2012-06-25,1.603,1.67
2012-06-26,1.627,1.684
2012-06-27,1.619,1.686
2012-06-28,1.578,1.639
2012-06-29,1.646,1.731
2012-07-02,1.589,1.697
2012-07-03,1.63,1.756
2012-07-04,1.63,1.72
2012-07-05,1.598,1.652
2012-07-06,1.55,1.59
2012-07-09,1.513,1.58
2012-07-10,1.502,1.584
2012-07-11,1.518,1.563
2012-07-12,1.475,1.53
2012-07-13,1.488,1.548
2012-07-16,1.473,1.495
2012-07-17,1.509,1.502
2012-07-18,1.495,1.474
2012-07-19,1.509,1.523
2012-07-20,1.458,1.483
2012-07-23,1.427,1.47
2012-07-24,1.388,1.465
2012-07-25,1.398,1.458
2012-07-26,1.439,1.48
2012-07-27,1.547,1.535
2012-07-30,1.503,1.54
2012-07-31,1.469,1.468
2012-08-01,1.525,1.514
2012-08-02,1.479,1.437
2012-08-03,1.564,1.558
2012-08-06,1.567,1.494
2012-08-07,1.629,1.597
2012-08-08,1.65,1.565
2012-08-09,1.689,1.618
2012-08-10,1.658,1.54
2012-08-13,1.665,1.562
2012-08-14,1.739,1.602
2012-08-15,1.816,1.682
2012-08-16,1.835,1.692
2012-08-17,1.811,1.67
2012-08-20,1.806,1.663
2012-08-21,1.799,1.707
2012-08-22,1.692,1.631
2012-08-23,1.679,1.567
2012-08-24,1.687,1.526
2012-08-27,1.651,1.532
2012-08-28,1.634,1.487
2012-08-29,1.651,1.502
2012-08-30,1.624,1.45
2012-08-31,1.549,1.463
2012-09-03,1.549,1.648
2012-09-04,1.573,1.624
2012-09-05,1.597,1.642
2012-09-06,1.679,1.713
2012-09-07,1.669,1.682
2012-09-10,1.655,1.731
2012-09-11,1.701,1.736
2012-09-12,1.758,1.829
2012-09-13,1.724,1.814
2012-09-14,1.867,1.963
2012-09-17,1.842,1.924
2012-09-18,1.809,1.876
2012-09-19,1.773,1.842
2012-09-20,1.765,1.795
2012-09-21,1.754,1.833
2012-09-24,1.71,1.812
2012-09-25,1.667,1.817
2012-09-26,1.61,1.691
2012-09-27,1.655,1.729
2012-09-28,1.634,1.725
2012-10-01,1.626,1.736
2012-10-02,1.621,1.707
2012-10-03,1.615,1.685
2012-10-04,1.674,1.701
2012-10-05,1.744,1.769
2012-10-08,1.744,1.73
2012-10-09,1.714,1.725
2012-10-10,1.675,1.764
2012-10-11,1.671,1.781
2012-10-12,1.657,1.72
2012-10-15,1.664,1.758
2012-10-16,1.719,1.819
2012-10-17,1.819,1.914
2012-10-18,1.835,1.912
2012-10-19,1.764,1.878
2012-10-22,1.814,1.901
2012-10-23,1.758,1.823
2012-10-24,1.79,1.848
2012-10-25,1.824,1.912
2012-10-26,1.746,1.866
2012-10-29,1.719,1.797
2012-10-30,1.719,1.825
2012-10-31,1.691,1.851
2012-11-01,1.725,1.865
2012-11-02,1.716,1.854
2012-11-05,1.685,1.814
2012-11-06,1.752,1.814
2012-11-07,1.648,1.758
2012-11-08,1.616,1.771
2012-11-09,1.607,1.733
2012-11-12,1.607,1.716
2012-11-13,1.595,1.709
2012-11-14,1.592,1.75
2012-11-15,1.594,1.731
2012-11-16,1.581,1.73
2012-11-19,1.614,1.772
2012-11-20,1.667,1.845
2012-11-21,1.68,1.851
2012-11-22,1.68,1.845
2012-11-23,1.691,1.841
2012-11-26,1.663,1.837
2012-11-27,1.638,1.851
2012-11-28,1.629,1.767
2012-11-29,1.616,1.753
2012-11-30,1.616,1.773
2012-12-03,1.622,1.82
2012-12-04,1.604,1.808
2012-12-05,1.588,1.776
2012-12-06,1.587,1.74
2012-12-07,1.622,1.741
2012-12-10,1.617,1.772
2012-12-11,1.655,1.799
2012-12-12,1.699,1.821
2012-12-13,1.731,1.859
2012-12-14,1.702,1.86
2012-12-17,1.773,1.888
2012-12-18,1.818,1.952
2012-12-19,1.802,1.955
2012-12-20,1.797,1.946
2012-12-21,1.764,1.882
2012-12-24,1.775,1.887
2012-12-25,1.775,1.887
2012-12-26,1.752,1.887
2012-12-27,1.737,1.806
2012-12-28,1.702,1.82
2012-12-31,1.758,1.826
2013-01-01,1.758,1.826
2013-01-02,1.838,1.987
2013-01-03,1.913,2.071
2013-01-04,1.9,2.117
2013-01-07,1.898,2.083
2013-01-08,1.869,2.026
2013-01-09,1.858,2.023
2013-01-10,1.897,2.097
2013-01-11,1.869,2.08
2013-01-14,1.846,2.034
2013-01-15,1.837,2.021
2013-01-16,1.819,1.997
2013-01-17,1.88,2.039
2013-01-18,1.843,2.01
2013-01-21,1.843,2.054
2013-01-22,1.843,2.017
2013-01-23,1.825,1.989
2013-01-24,1.851,2.008
2013-01-25,1.95,2.054
2013-01-28,1.962,2.103
2013-01-29,2,2.085
2013-01-30,1.993,2.112
2013-01-31,1.986,2.096
2013-02-01,2.016,2.096
2013-02-04,1.956,2.076
2013-02-05,1.999,2.118
2013-02-06,1.961,2.095
2013-02-07,1.958,2.102
2013-02-08,1.951,2.094
2013-02-11,1.964,2.109
2013-02-12,1.978,2.101
2013-02-13,2.029,2.207
2013-02-14,1.998,2.193
2013-02-15,2.003,2.191
2013-02-18,2.003,2.193
2013-02-19,2.029,2.18
2013-02-20,2.01,2.191
2013-02-21,1.977,2.099
2013-02-22,1.963,2.108
2013-02-25,1.865,2.079
2013-02-26,1.882,1.965
2013-02-27,1.902,1.957
2013-02-28,1.876,1.972
2013-03-01,1.842,1.87
2013-03-04,1.876,1.905
2013-03-05,1.899,1.961
2013-03-06,1.938,1.954
2013-03-07,1.997,2.01
2013-03-08,2.044,2.06
2013-03-11,2.058,2.015
2013-03-12,2.017,1.962
2013-03-13,2.022,1.965
2013-03-14,2.03,1.962
2013-03-15,1.99,1.935
2013-03-18,1.956,1.894
2013-03-19,1.903,1.829
2013-03-20,1.959,1.874
2013-03-21,1.912,1.858
2013-03-22,1.926,1.851
2013-03-25,1.921,1.802
2013-03-26,1.91,1.787
2013-03-27,1.846,1.721
2013-03-28,1.85,1.767
2013-03-29,1.85,1.767
2013-04-01,1.832,1.767
2013-04-02,1.86,1.775
2013-04-03,1.812,1.754
2013-04-04,1.763,1.712
2013-04-05,1.714,1.63
2013-04-08,1.747,1.696
2013-04-09,1.751,1.736
2013-04-10,1.804,1.781
2013-04-11,1.79,1.766
2013-04-12,1.722,1.725
2013-04-15,1.681,1.703
2013-04-16,1.723,1.729
2013-04-17,1.696,1.682
2013-04-18,1.686,1.657
2013-04-19,1.706,1.661
2013-04-22,1.694,1.65
2013-04-23,1.707,1.713
2013-04-24,1.706,1.687
2013-04-25,1.709,1.73
2013-04-26,1.664,1.677
2013-04-29,1.671,1.655
2013-04-30,1.673,1.688
2013-05-01,1.63,1.651
2013-05-02,1.626,1.621
2013-05-03,1.739,1.724
2013-05-06,1.76,1.714
2013-05-07,1.779,1.787
2013-05-08,1.767,1.769
2013-05-09,1.812,1.782
2013-05-10,1.898,1.889
2013-05-13,1.921,1.879
2013-05-14,1.975,1.897
2013-05-15,1.936,1.922
2013-05-16,1.882,1.859
2013-05-17,1.951,1.883
2013-05-20,1.966,1.915
2013-05-21,1.927,1.908
2013-05-22,2.04,1.901
2013-05-23,2.017,1.91
2013-05-24,2.009,1.895
2013-05-27,2.009,1.902
2013-05-28,2.166,1.961
2013-05-29,2.116,1.999
2013-05-30,2.112,1.966
2013-05-31,2.129,2.001
2013-06-03,2.12,1.991
2013-06-04,2.147,2.035
2013-06-05,2.09,2.007
2013-06-06,2.078,2.023
2013-06-07,2.173,2.068
2013-06-10,2.211,2.142
2013-06-11,2.186,2.173
2013-06-12,2.229,2.143
2013-06-13,2.15,2.121
2013-06-14,2.13,2.06
2013-06-17,2.183,2.076
2013-06-18,2.186,2.137
2013-06-19,2.354,2.131
2013-06-20,2.415,2.292
2013-06-21,2.532,2.402
2013-06-24,2.538,2.532
2013-06-25,2.609,2.536
2013-06-26,2.536,2.455
2013-06-27,2.473,2.427
2013-06-28,2.487,2.441
2013-07-01,2.477,2.416
2013-07-02,2.47,2.373
2013-07-03,2.504,2.392
2013-07-04,2.504,2.378
2013-07-05,2.74,2.483
2013-07-08,2.637,2.481
2013-07-09,2.635,2.432
2013-07-10,2.625,2.413
2013-07-11,2.573,2.378
2013-07-12,2.583,2.327
2013-07-15,2.538,2.34
2013-07-16,2.533,2.26
2013-07-17,2.49,2.291
2013-07-18,2.529,2.256
2013-07-19,2.485,2.283
2013-07-22,2.481,2.258
2013-07-23,2.506,2.304
2013-07-24,2.589,2.393
2013-07-25,2.572,2.376
2013-07-26,2.563,2.331
2013-07-29,2.603,2.317
2013-07-30,2.611,2.313
2013-07-31,2.577,2.356
2013-08-01,2.707,2.399
2013-08-02,2.597,2.423
2013-08-05,2.634,2.473
2013-08-06,2.643,2.476
2013-08-07,2.6,2.482
2013-08-08,2.59,2.481
2013-08-09,2.579,2.458
2013-08-12,2.621,2.461
2013-08-13,2.72,2.595
2013-08-14,2.714,2.636
2013-08-15,2.767,2.684
2013-08-16,2.826,2.702
2013-08-19,2.881,2.744
2013-08-20,2.815,2.673
2013-08-21,2.894,2.704
2013-08-22,2.885,2.711
2013-08-23,2.816,2.706
2013-08-26,2.786,2.71
2013-08-27,2.71,2.593
2013-08-28,2.766,2.803
2013-08-29,2.763,2.771
2013-08-30,2.785,2.771
2013-09-02,2.785,2.844
2013-09-03,2.859,2.878
2013-09-04,2.898,2.878
2013-09-05,2.995,3.007
2013-09-06,2.935,2.936
2013-09-09,2.913,2.954
2013-09-10,2.965,3.017
2013-09-11,2.913,3.002
2013-09-12,2.91,2.941
2013-09-13,2.886,2.912
2013-09-16,2.865,2.881
2013-09-17,2.848,2.932
2013-09-18,2.689,3.002
2013-09-19,2.753,2.899
2013-09-20,2.735,2.92
2013-09-23,2.701,2.909
2013-09-24,2.656,2.792
2013-09-25,2.629,2.752
2013-09-26,2.651,2.746
2013-09-27,2.625,2.707
2013-09-30,2.611,2.719
2013-10-01,2.651,2.713
2013-10-02,2.618,2.712
2013-10-03,2.606,2.676
2013-10-04,2.646,2.738
2013-10-07,2.627,2.705
2013-10-08,2.633,2.694
2013-10-09,2.664,2.682
2013-10-10,2.682,2.748
2013-10-11,2.688,2.735
2013-10-14,2.688,2.745
2013-10-15,2.729,2.803
2013-10-16,2.664,2.831
2013-10-17,2.59,2.745
2013-10-18,2.579,2.713
2013-10-21,2.602,2.736
2013-10-22,2.513,2.637
2013-10-23,2.503,2.595
2013-10-24,2.521,2.628
2013-10-25,2.51,2.613
2013-10-28,2.524,2.606
2013-10-29,2.504,2.598
2013-10-30,2.539,2.539
2013-10-31,2.555,2.616
2013-11-01,2.623,2.645
2013-11-04,2.604,2.623
2013-11-05,2.671,2.72
2013-11-06,2.643,2.714
2013-11-07,2.601,2.667
2013-11-08,2.749,2.766
2013-11-11,2.749,2.804
2013-11-12,2.774,2.803
2013-11-13,2.7,2.801
2013-11-14,2.691,2.754
2013-11-15,2.704,2.744
2013-11-18,2.667,2.719
2013-11-19,2.708,2.722
2013-11-20,2.8,2.732
2013-11-21,2.785,2.816
2013-11-22,2.744,2.789
2013-11-25,2.729,2.769
2013-11-26,2.709,2.73
2013-11-27,2.738,2.767
2013-11-28,2.738,2.736
2013-11-29,2.745,2.768
2013-12-02,2.796,2.846
2013-12-03,2.783,2.814
2013-12-04,2.835,2.9
2013-12-05,2.873,2.915
2013-12-06,2.856,2.9
2013-12-09,2.84,2.919
2013-12-10,2.802,2.879
2013-12-11,2.854,2.861
2013-12-12,2.878,2.897
2013-12-13,2.866,2.896
2013-12-16,2.879,2.882
2013-12-17,2.836,2.868
2013-12-18,2.894,2.92
2013-12-19,2.93,2.958
2013-12-20,2.89,2.942
2013-12-23,2.928,2.963
2013-12-24,2.979,2.974
2013-12-25,2.979,2.974
2013-12-26,2.991,2.974
2013-12-27,3.001,3.073
2013-12-30,2.971,3.032
2013-12-31,3.029,3.021
2014-01-01,3.029,3.021
2014-01-02,2.99,3.025
2014-01-03,2.996,3.023
2014-01-06,2.959,2.971
2014-01-07,2.94,2.949
2014-01-08,2.99,2.972
2014-01-09,2.966,2.982
2014-01-10,2.859,2.871
2014-01-13,2.827,2.826
2014-01-14,2.872,2.833
2014-01-15,2.892,2.862
2014-01-16,2.842,2.809
2014-01-17,2.82,2.829
2014-01-20,2.82,2.827
2014-01-21,2.83,2.833
2014-01-22,2.866,2.885
2014-01-23,2.778,2.808
2014-01-24,2.716,2.771
2014-01-27,2.749,2.774
2014-01-28,2.75,2.805
2014-01-29,2.678,2.76
2014-01-30,2.696,2.75
2014-01-31,2.645,2.705
2014-02-03,2.577,2.688
2014-02-04,2.63,2.7
2014-02-05,2.668,2.688
2014-02-06,2.701,2.745
2014-02-07,2.684,2.711
2014-02-10,2.668,2.718
2014-02-11,2.726,2.741
2014-02-12,2.762,2.818
2014-02-13,2.733,2.789
2014-02-14,2.744,2.792
2014-02-17,2.744,2.781
2014-02-18,2.708,2.745
2014-02-19,2.74,2.73
2014-02-20,2.752,2.797
2014-02-21,2.732,2.78
2014-02-24,2.739,2.773
2014-02-25,2.703,2.743
2014-02-26,2.666,2.724
2014-02-27,2.64,2.674
2014-02-28,2.648,2.718
2014-03-03,2.602,2.645
2014-03-04,2.699,2.696
2014-03-05,2.706,2.718
2014-03-06,2.738,2.766
2014-03-07,2.789,2.793
2014-03-10,2.778,2.795
2014-03-11,2.769,2.781
2014-03-12,2.731,2.751
2014-03-13,2.645,2.687
2014-03-14,2.655,2.663
2014-03-17,2.693,2.681
2014-03-18,2.673,2.676
2014-03-19,2.773,2.696
2014-03-20,2.773,2.765
2014-03-21,2.743,2.745
2014-03-24,2.729,2.685
2014-03-25,2.749,2.707
2014-03-26,2.693,2.698
2014-03-27,2.682,2.674
2014-03-28,2.722,2.723
2014-03-31,2.719,2.735
2014-04-01,2.753,2.731
2014-04-02,2.805,2.773
2014-04-03,2.798,2.753
2014-04-04,2.722,2.685
2014-04-07,2.701,2.663
2014-04-08,2.682,2.693
2014-04-09,2.691,2.689
2014-04-10,2.648,2.618
2014-04-11,2.626,2.61
2014-04-14,2.648,2.636
2014-04-15,2.629,2.6
2014-04-16,2.629,2.635
2014-04-17,2.722,2.666
2014-04-18,2.722,2.666
2014-04-21,2.716,2.666
2014-04-22,2.711,2.71
2014-04-23,2.7,2.676
2014-04-24,2.681,2.69
2014-04-25,2.663,2.637
2014-04-28,2.701,2.663
2014-04-29,2.692,2.686
2014-04-30,2.647,2.662
2014-05-01,2.614,2.634
2014-05-02,2.585,2.642
2014-05-05,2.608,2.638
2014-05-06,2.592,2.657
2014-05-07,2.589,2.657
2014-05-08,2.617,2.643
2014-05-09,2.624,2.684
2014-05-12,2.662,2.732
2014-05-13,2.61,2.682
2014-05-14,2.544,2.582
2014-05-15,2.49,2.523
2014-05-16,2.524,2.563
2014-05-19,2.545,2.587
2014-05-20,2.512,2.609
2014-05-21,2.533,2.644
2014-05-22,2.551,2.652
2014-05-23,2.533,2.634
2014-05-26,2.533,
2014-05-27,2.515,2.641
2014-05-28,2.444,2.547
2014-05-29,2.465,2.54
2014-05-30,2.477,2.569
2014-06-02,2.528,2.613
2014-06-03,2.599,2.646
2014-06-04,2.603,2.697
2014-06-05,2.583,2.677
2014-06-06,2.588,2.654
2014-06-09,2.604,2.698
2014-06-10,2.645,2.72
2014-06-11,2.64,2.71
2014-06-12,2.596,2.716
2014-06-13,2.604,2.744
2014-06-16,2.598,2.752
2014-06-17,2.653,2.776
2014-06-18,2.585,2.739
2014-06-19,2.621,2.734
2014-06-20,2.606,2.759
2014-06-23,2.627,2.737
2014-06-24,2.579,2.733
2014-06-25,2.56,2.645
2014-06-26,2.529,2.635
2014-06-27,2.535,2.639
2014-06-30,2.531,2.669
2014-07-01,2.566,2.704
2014-07-02,2.627,2.75
2014-07-03,2.639,2.75
2014-07-04,2.639,2.756
2014-07-07,2.612,2.725
2014-07-08,2.557,2.646
2014-07-09,2.551,2.659
2014-07-10,2.537,2.626
2014-07-11,2.517,2.6
2014-07-14,2.548,2.603
2014-07-15,2.548,2.643
2014-07-16,2.527,2.65
2014-07-17,2.447,2.585
2014-07-18,2.482,2.57
2014-07-21,2.468,2.566
2014-07-22,2.461,2.585
2014-07-23,2.466,2.553
2014-07-24,2.503,2.605
2014-07-25,2.466,2.569
2014-07-28,2.486,2.577
2014-07-29,2.461,2.545
2014-07-30,2.558,2.596
2014-07-31,2.559,2.601
2014-08-01,2.493,2.547
2014-08-04,2.483,2.536
2014-08-05,2.485,2.579
2014-08-06,2.472,2.514
2014-08-07,2.412,2.481
2014-08-08,2.421,2.459
2014-08-11,2.428,2.49
2014-08-12,2.45,2.482
2014-08-13,2.418,2.44
2014-08-14,2.402,2.441
2014-08-15,2.341,2.325
2014-08-18,2.394,2.427
2014-08-19,2.401,2.4
2014-08-20,2.427,2.417
2014-08-21,2.408,2.396
2014-08-22,2.403,2.404
2014-08-25,2.383,2.399
2014-08-26,2.397,2.448
2014-08-27,2.358,2.371
2014-08-28,2.337,2.37
2014-08-29,2.344,2.367
2014-09-01,2.344,2.382
2014-09-02,2.422,2.44
2014-09-03,2.397,2.472
2014-09-04,2.451,2.493
2014-09-05,2.46,2.462
2014-09-08,2.472,2.476
2014-09-09,2.504,2.478
2014-09-10,2.542,2.504
2014-09-11,2.551,2.497
2014-09-12,2.611,2.528
2014-09-15,2.59,2.541
2014-09-16,2.593,2.522
2014-09-17,2.621,2.516
2014-09-18,2.615,2.574
2014-09-19,2.575,2.542
2014-09-22,2.565,2.494
2014-09-23,2.528,2.484
2014-09-24,2.565,2.48
2014-09-25,2.503,2.444
2014-09-26,2.529,2.467
2014-09-29,2.478,2.439
2014-09-30,2.49,2.424
2014-10-01,2.386,2.359
2014-10-02,2.426,2.324
2014-10-03,2.435,2.388
2014-10-06,2.421,2.354
2014-10-07,2.34,2.288
2014-10-08,2.322,2.263
2014-10-09,2.314,2.261
2014-10-10,2.281,2.216
2014-10-13,2.281,2.166
2014-10-14,2.198,2.126
2014-10-15,2.137,1.954
2014-10-16,2.157,2.094
2014-10-17,2.194,2.188
2014-10-20,2.192,2.149
2014-10-21,2.223,2.171
2014-10-22,2.217,2.211
2014-10-23,2.272,2.241
2014-10-24,2.269,2.23
2014-10-27,2.261,2.205
2014-10-28,2.297,2.235
2014-10-29,2.318,2.254
2014-10-30,2.306,2.224
2014-10-31,2.336,2.246
2014-11-03,2.343,2.272
2014-11-04,2.334,2.227
2014-11-05,2.343,2.259
2014-11-06,2.387,2.243
2014-11-07,2.298,2.201
2014-11-10,2.361,2.204
2014-11-11,2.361,2.235
2014-11-12,2.372,2.191
2014-11-13,2.341,2.18
2014-11-14,2.321,2.115
2014-11-17,2.341,2.119
2014-11-18,2.316,2.119
2014-11-19,2.36,2.14
2014-11-20,2.338,2.093
2014-11-21,2.311,2.047
2014-11-24,2.307,2.046
2014-11-25,2.258,2.008
2014-11-26,2.246,1.979
2014-11-27,2.246,1.922
2014-11-28,2.165,1.926
2014-12-01,2.236,1.897
2014-12-02,2.293,1.969
2014-12-03,2.281,2.012
2014-12-04,2.235,1.987
2014-12-05,2.307,2.018
2014-12-08,2.258,1.96
2014-12-09,2.214,1.887
2014-12-10,2.165,1.909
2014-12-11,2.163,1.907
2014-12-12,2.083,1.799
2014-12-15,2.119,1.8
2014-12-16,2.06,1.775
2014-12-17,2.137,1.771
2014-12-18,2.208,1.869
2014-12-19,2.163,1.849
2014-12-22,2.159,1.822
2014-12-23,2.262,1.848
2014-12-24,2.264,1.88
2014-12-25,2.264,1.88
2014-12-26,2.251,1.88
2014-12-29,2.203,1.816
2014-12-30,2.188,1.789
2014-12-31,2.172,1.755
2015-01-01,2.172,1.755
2015-01-02,2.111,1.716
2015-01-05,2.033,1.669
2015-01-06,1.941,1.562
2015-01-07,1.969,1.615
2015-01-08,2.019,1.645
2015-01-09,1.946,1.599
2015-01-12,1.908,1.574
2015-01-13,1.901,1.584
2015-01-14,1.856,1.511
2015-01-15,1.716,1.508
2015-01-16,1.838,1.533
2015-01-19,1.838,1.526
2015-01-20,1.789,1.533
2015-01-21,1.873,1.505
2015-01-22,1.864,1.516
2015-01-23,1.798,1.477
2015-01-26,1.825,1.512
2015-01-27,1.824,1.482
2015-01-28,1.722,1.459
2015-01-29,1.752,1.42
2015-01-30,1.642,1.33
2015-02-02,1.665,1.376
2015-02-03,1.792,1.461
2015-02-04,1.752,1.532
2015-02-05,1.821,1.546
2015-02-06,1.958,1.646
2015-02-09,1.978,1.61
2015-02-10,1.998,1.665
2015-02-11,2.018,1.674
2015-02-12,1.985,1.663
2015-02-13,2.051,1.676
2015-02-16,2.051,1.686
2015-02-17,2.139,1.76
2015-02-18,2.081,1.848
2015-02-19,2.115,1.822
2015-02-20,2.113,1.764
2015-02-23,2.058,1.799
2015-02-24,1.981,1.762
2015-02-25,1.97,1.717
2015-02-26,2.03,1.732
2015-02-27,1.994,1.795
2015-03-02,2.083,1.787
2015-03-03,2.12,1.842
2015-03-04,2.118,1.875
2015-03-05,2.116,1.858
2015-03-06,2.242,1.947
2015-03-09,2.192,1.934
2015-03-10,2.131,1.796
2015-03-11,2.109,1.813
2015-03-12,2.117,1.74
2015-03-13,2.115,1.709
2015-03-16,2.073,1.676
2015-03-17,2.051,1.684
2015-03-18,1.921,1.595
2015-03-19,1.969,1.533
2015-03-20,1.931,1.516
2015-03-23,1.912,1.51
2015-03-24,1.874,1.504
2015-03-25,1.926,1.48
2015-03-26,1.99,1.582
2015-03-27,1.962,1.542
2015-03-30,1.948,1.576
2015-03-31,1.924,1.576
2015-04-01,1.858,1.54
2015-04-02,1.912,1.592
2015-04-03,1.84,
2015-04-06,1.896,
2015-04-07,1.886,1.582
2015-04-08,1.906,1.579
2015-04-09,1.96,1.57
2015-04-10,1.948,1.579
2015-04-13,1.928,1.592
2015-04-14,1.899,1.514
2015-04-15,1.889,1.559
2015-04-16,1.891,1.606
2015-04-17,1.866,1.583
2015-04-20,1.89,1.567
2015-04-21,1.91,1.566
2015-04-22,1.98,1.714
2015-04-23,1.959,1.69
2015-04-24,1.909,1.647
2015-04-27,1.922,1.691
2015-04-28,2.004,1.695
2015-04-29,2.04,1.833
2015-04-30,2.033,1.833
2015-05-01,2.114,1.841
2015-05-04,2.145,
2015-05-05,2.186,1.97
2015-05-06,2.244,1.983
2015-05-07,2.181,1.92
2015-05-08,2.149,1.875
2015-05-11,2.281,1.948
2015-05-12,2.25,1.984
2015-05-13,2.294,2.02
2015-05-14,2.231,1.982
2015-05-15,2.143,1.879
2015-05-18,2.235,1.951
2015-05-19,2.289,1.947
2015-05-20,2.249,1.977
2015-05-21,2.191,1.974
2015-05-22,2.21,1.927
2015-05-25,2.21,
2015-05-26,2.14,1.875
2015-05-27,2.129,1.882
2015-05-28,2.136,1.824
2015-05-29,2.122,1.813
2015-06-01,2.18,1.847
2015-06-02,2.263,1.98
2015-06-03,2.365,2.078
2015-06-04,2.308,2.033
2015-06-05,2.408,2.079
2015-06-08,2.383,2.044
2015-06-09,2.439,2.097
2015-06-10,2.485,2.128
2015-06-11,2.378,2.047
2015-06-12,2.393,1.987
2015-06-15,2.357,2.023
2015-06-16,2.31,1.987
2015-06-17,2.317,2.061
2015-06-18,2.335,2.041
2015-06-19,2.259,2.004
2015-06-22,2.373,2.097
2015-06-23,2.41,2.108
2015-06-24,2.368,2.131
2015-06-25,2.41,2.144
2015-06-26,2.474,2.186
2015-06-29,2.325,2.073
2015-06-30,2.354,2.024
2015-07-01,2.423,2.105
2015-07-02,2.383,2.079
2015-07-03,2.383,1.996
2015-07-06,2.286,2.004
2015-07-07,2.259,1.832
2015-07-08,2.193,1.891
2015-07-09,2.322,1.953
2015-07-10,2.398,2.08
2015-07-13,2.455,2.118
2015-07-14,2.402,2.122
2015-07-15,2.353,2.115
2015-07-16,2.351,2.075
2015-07-17,2.348,2.078
2015-07-20,2.373,2.061
2015-07-21,2.326,2.086
2015-07-22,2.324,2.03
2015-07-23,2.269,2.008
2015-07-24,2.263,1.934
2015-07-27,2.218,1.935
2015-07-28,2.251,1.936
2015-07-29,2.287,1.977
2015-07-30,2.26,1.965
2015-07-31,2.181,1.881
2015-08-03,2.149,1.866
2015-08-04,2.222,1.872
2015-08-05,2.271,1.975
2015-08-06,2.222,1.923
2015-08-07,2.163,1.848
2015-08-10,2.228,1.922
2015-08-11,2.142,1.817
2015-08-12,2.149,1.794
2015-08-13,2.186,1.839
2015-08-14,2.199,1.877
2015-08-17,2.169,1.817
2015-08-18,2.193,1.875
2015-08-19,2.126,1.833
2015-08-20,2.069,1.763
2015-08-21,2.037,1.69
2015-08-24,2.004,1.816
2015-08-25,2.072,1.906
2015-08-26,2.176,1.954
2015-08-27,2.185,1.978
2015-08-28,2.182,1.962
2015-08-31,2.219,1.962
2015-09-01,2.153,1.932
2015-09-02,2.185,1.924
2015-09-03,2.16,1.902
2015-09-04,2.125,1.825
2015-09-07,2.125,1.805
2015-09-08,2.184,1.838
2015-09-09,2.202,1.867
2015-09-10,2.223,1.872
2015-09-11,2.189,1.829
2015-09-14,2.184,1.851
2015-09-15,2.288,1.91
2015-09-16,2.295,1.941
2015-09-17,2.191,1.954
2015-09-18,2.134,1.829
2015-09-21,2.202,1.883
2015-09-22,2.135,1.783
2015-09-23,2.151,1.795
2015-09-24,2.128,1.754
2015-09-25,2.163,1.839
2015-09-28,2.096,1.77
2015-09-29,2.052,1.755
2015-09-30,2.038,1.761
2015-10-01,2.038,1.741
2015-10-02,1.994,1.701
2015-10-05,2.057,1.784
2015-10-06,2.032,1.797
2015-10-07,2.068,1.825
2015-10-08,2.105,1.814
2015-10-09,2.089,1.862
2015-10-12,2.089,1.818
2015-10-13,2.045,1.827
2015-10-14,1.973,1.756
2015-10-15,2.018,1.765
2015-10-16,2.034,1.801
2015-10-19,2.024,1.822
2015-10-20,2.068,1.854
2015-10-21,2.024,1.796
2015-10-22,2.027,1.798
2015-10-23,2.088,1.86
2015-10-26,2.057,1.829
2015-10-27,2.038,1.762
2015-10-28,2.102,1.795
2015-10-29,2.173,1.92
2015-10-30,2.143,1.921
2015-11-02,2.172,1.934
2015-11-03,2.211,1.978
2015-11-04,2.226,1.993
2015-11-05,2.237,2.007